isin,company_name,type,year,missing
INE01BK01022,Antony Waste Handling Cell Ltd.,MB,2020,"subscription,financials,gmp (no Sharescart 2020-22)"
INE495P01020,Mrs.Bectors Food Specialities Ltd.,MB,2020,"subscription,financials,gmp (no Sharescart 2020-22)"
INE07T201019,Burger King India Ltd.,MB,2020,"subscription,financials,gmp (no Sharescart 2020-22)"
INE068V01023,Gland Pharma Ltd.,MB,2020,"subscription,financials,gmp (no Sharescart 2020-22)"
INE063P01018,Equitas Small Finance Bank Ltd.,MB,2020,"subscription,financials,gmp (no Sharescart 2020-22)"
INE060901027,Likhitha Infrastructure Ltd.,MB,2020,"subscription,financials,gmp (no Sharescart 2020-22)"
INE249Z01020,Mazagon Dock Shipbuilders Ltd.,MB,2020,"subscription,financials,gmp (no Sharescart 2020-22)"
INE094J01016,UTI Asset Management Co.Ltd.,MB,2020,"subscription,financials,gmp (no Sharescart 2020-22)"
INE732I01021,Angel Broking Ltd.,MB,2020,"subscription,financials,gmp (no Sharescart 2020-22)"
INE03YM01018,Chemcon Speciality Chemicals Ltd.,MB,2020,"subscription,financials,gmp (no Sharescart 2020-22)"
INE596I01020,Computer Age Management Services Ltd.,MB,2020,"subscription,financials,gmp (no Sharescart 2020-22)"
INE450U01017,Route Mobile Ltd.,MB,2020,"subscription,financials,gmp (no Sharescart 2020-22)"
INE419U01012,Happiest Minds Technologies Ltd.,MB,2020,"subscription,financials,gmp (no Sharescart 2020-22)"
INE0CCU25019,Mindspace Business Parks REIT,MB,2020,"subscription,financials,gmp (no Sharescart 2020-22)"
INE528G01035,Yes Bank Ltd. FPO,MB,2020,"subscription,financials,gmp (no Sharescart 2020-22)"
INE02A801020,Rossari Biotech Ltd.,MB,2020,"subscription,financials,gmp (no Sharescart 2020-22)"
INE018E01016,SBI Cards & Payment Services Ltd.,MB,2020,"subscription,financials,gmp (no Sharescart 2020-22)"
INE925R01014,CMS Info Systems Ltd.,MB,2021,"subscription,financials,gmp (no Sharescart 2020-22)"
INE07RO01027,Supriya Lifescience Ltd.,MB,2021,"subscription,financials,gmp (no Sharescart 2020-22)"
INE0GSL01024,HP Adhesives Ltd.,MB,2021,"subscription,financials,gmp (no Sharescart 2020-22)"
INE0IX101010,Data Patterns (India) Ltd.,MB,2021,"subscription,financials,gmp (no Sharescart 2020-22)"
INE804L01022,Medplus Health Services Ltd.,MB,2021,"subscription,financials,gmp (no Sharescart 2020-22)"
INE317I01021,Metro Brands Ltd.,MB,2021,"subscription,financials,gmp (no Sharescart 2020-22)"
INE0BV301023,C.E.Info systems Ltd.,MB,2021,"subscription,financials,gmp (no Sharescart 2020-22)"
INE217L01019,Shriram Properties Ltd.,MB,2021,"subscription,financials,gmp (no Sharescart 2020-22)"
INE0CLI01024,Rategain Travel Technologies Ltd.,MB,2021,"subscription,financials,gmp (no Sharescart 2020-22)"
INE011K01018,Tega Industries Ltd.,MB,2021,"subscription,financials,gmp (no Sharescart 2020-22)"
INE575P01011,Star Health & Allied Insurance Co.Ltd.,MB,2021,"subscription,financials,gmp (no Sharescart 2020-22)"
INE0BJS01011,Go Fashion (India) Ltd.,MB,2021,"subscription,financials,gmp (no Sharescart 2020-22)"
INE144Z01023,Tarsons Products Ltd.,MB,2021,"subscription,financials,gmp (no Sharescart 2020-22)"
INE0I7C01011,Latent View Analytics Ltd.,MB,2021,"subscription,financials,gmp (no Sharescart 2020-22)"
INE806T01020,Sapphire Foods India Ltd.,MB,2021,"subscription,financials,gmp (no Sharescart 2020-22)"
INE982J01020,One 97 Communications Ltd.,MB,2021,"subscription,financials,gmp (no Sharescart 2020-22)"
INE284S01014,S.J.S.Enterprises Ltd.,MB,2021,"subscription,financials,gmp (no Sharescart 2020-22)"
INE417T01026,PB Fintech Ltd.,MB,2021,"subscription,financials,gmp (no Sharescart 2020-22)"
INE0D0K01022,Sigachi Industries Ltd.,MB,2021,"subscription,financials,gmp (no Sharescart 2020-22)"
INE02NC01014,Fino Payments Bank Ltd.,MB,2021,"subscription,financials,gmp (no Sharescart 2020-22)"
INE388Y01029,FSN E-Commerce Ventures Ltd.,MB,2021,"subscription,financials,gmp (no Sharescart 2020-22)"
INE404A01024,Aditya Birla Sun Life AMC Ltd.,MB,2021,"subscription,financials,gmp (no Sharescart 2020-22)"
INE045601023,Paras Defence & Space Technologies Ltd.,MB,2021,"subscription,financials,gmp (no Sharescart 2020-22)"
INE953O01021,Sansera Engineering Ltd.,MB,2021,"subscription,financials,gmp (no Sharescart 2020-22)"
INE00FF01025,Ami Organics Ltd.,MB,2021,"subscription,financials,gmp (no Sharescart 2020-22)"
INE043W01024,Vijaya Diagnostic Centre Ltd.,MB,2021,"subscription,financials,gmp (no Sharescart 2020-22)"
INE852O01025,Aptus Value Housing Finance India Ltd.,MB,2021,"subscription,financials,gmp (no Sharescart 2020-22)"
INE488A01050,Chemplast Sanmar Ltd.,MB,2021,"subscription,financials,gmp (no Sharescart 2020-22)"
INE118D01016,Nuvoco Vistas Corp.Ltd.,MB,2021,"subscription,financials,gmp (no Sharescart 2020-22)"
INE290S01011,CarTrade Tech Ltd.,MB,2021,"subscription,financials,gmp (no Sharescart 2020-22)"
INE0GFE01026,Exxaro Tiles Ltd.,MB,2021,"subscription,financials,gmp (no Sharescart 2020-22)"
INE0H5O01029,Windlas Biotech Ltd.,MB,2021,"subscription,financials,gmp (no Sharescart 2020-22)"
INE872J01023,Devyani International Ltd.,MB,2021,"subscription,financials,gmp (no Sharescart 2020-22)"
INE08LI01020,Krsnaa Diagnostics Ltd.,MB,2021,"subscription,financials,gmp (no Sharescart 2020-22)"
INE645S01024,Rolex Rings Ltd.,MB,2021,"subscription,financials,gmp (no Sharescart 2020-22)"
INE03Q201024,Glenmark Life Sciences Ltd.,MB,2021,"subscription,financials,gmp (no Sharescart 2020-22)"
INE0GK401011,Tatva Chintan Pharma Chem Ltd.,MB,2021,"subscription,financials,gmp (no Sharescart 2020-22)"
INE758T01015,Zomato Ltd.,MB,2021,"subscription,financials,gmp (no Sharescart 2020-22)"
INE201P01022,G R Infraprojects Ltd.,MB,2021,"subscription,financials,gmp (no Sharescart 2020-22)"
INE227W01023,Clean Science & Technology Ltd.,MB,2021,"subscription,financials,gmp (no Sharescart 2020-22)"
INE0D6701023,India Pesticides Ltd.,MB,2021,"subscription,financials,gmp (no Sharescart 2020-22)"
INE021O01019,Dodla Dairy Ltd.,MB,2021,"subscription,financials,gmp (no Sharescart 2020-22)"
INE967H01025,Krishna Institute of Medical Sciences Ltd.,MB,2021,"subscription,financials,gmp (no Sharescart 2020-22)"
INE810G01011,Shyam Metalics & Energy Ltd.,MB,2021,"subscription,financials,gmp (no Sharescart 2020-22)"
INE073K01018,Sona BLW Precision Forgings Ltd.,MB,2021,"subscription,financials,gmp (no Sharescart 2020-22)"
INE0GGX23010,POWERGRID Infrastructure Investment Trust InvIT,MB,2021,"subscription,financials,gmp (no Sharescart 2020-22)"
INE670K01029,Macrotech Developers Ltd.,MB,2021,"subscription,financials,gmp (no Sharescart 2020-22)"
INE382M01027,Barbeque-Nation Hospitality Ltd.,MB,2021,"subscription,financials,gmp (no Sharescart 2020-22)"
INE418L01047,Nazara Technologies Ltd.,MB,2021,"subscription,financials,gmp (no Sharescart 2020-22)"
INE428Q01011,Suryoday Small Finance Bank Ltd.,MB,2021,"subscription,financials,gmp (no Sharescart 2020-22)"
INE303R01014,Kalyan Jewellers India Ltd.,MB,2021,"subscription,financials,gmp (no Sharescart 2020-22)"
INE00LO01017,Craftsman Automation Ltd.,MB,2021,"subscription,financials,gmp (no Sharescart 2020-22)"
INE576O01020,Laxmi Organic Industries Ltd.,MB,2021,"subscription,financials,gmp (no Sharescart 2020-22)"
INE930P01018,Anupam Rasayan India Ltd.,MB,2021,"subscription,financials,gmp (no Sharescart 2020-22)"
INE07O001026,Easy Trip Planners Ltd.,MB,2021,"subscription,financials,gmp (no Sharescart 2020-22)"
INE864I01014,MTAR Technologies Ltd.,MB,2021,"subscription,financials,gmp (no Sharescart 2020-22)"
INE694N01015,Heranba Industries Ltd.,MB,2021,"subscription,financials,gmp (no Sharescart 2020-22)"
INE0DD101019,RailTel Corp.of India Ltd.,MB,2021,"subscription,financials,gmp (no Sharescart 2020-22)"
INE0DSF01015,Nureca Ltd.,MB,2021,"subscription,financials,gmp (no Sharescart 2020-22)"
INE0FDU25010,Brookfield India Real Estate Trust REIT,MB,2021,"subscription,financials,gmp (no Sharescart 2020-22)"
INE00IN01015,Stove Kraft Ltd.,MB,2021,"subscription,financials,gmp (no Sharescart 2020-22)"
INE481N01025,Home First Finance Co.India Ltd.,MB,2021,"subscription,financials,gmp (no Sharescart 2020-22)"
INE09VQ01012,Indigo Paints Ltd.,MB,2021,"subscription,financials,gmp (no Sharescart 2020-22)"
INE053F01010,Indian Railway Finance Corp.Ltd.,MB,2021,"subscription,financials,gmp (no Sharescart 2020-22)"
INE855R01021,Radiant Cash Management Services Ltd.,MB,2022,"subscription,financials,gmp (no Sharescart 2020-22)"
INE050401020,Elin Electronics Ltd.,MB,2022,"subscription,financials,gmp (no Sharescart 2020-22)"
INE138Y01010,KFin Technologies Ltd.,MB,2022,"subscription,financials,gmp (no Sharescart 2020-22)"
INE559R01029,Landmark Cars Ltd.,MB,2022,"subscription,financials,gmp (no Sharescart 2020-22)"
INE00ZE01026,Abans Holdings Ltd.,MB,2022,"subscription,financials,gmp (no Sharescart 2020-22)"
INE142Q01026,Sula Vineyards Ltd.,MB,2022,"subscription,financials,gmp (no Sharescart 2020-22)"
INE244O01017,Uniparts India Ltd.,MB,2022,"subscription,financials,gmp (no Sharescart 2020-22)"
INE00OQ01016,Dharmaj Crop Guard Ltd.,MB,2022,"subscription,financials,gmp (no Sharescart 2020-22)"
INE263M01029,Keystone Realtors Ltd.,MB,2022,"subscription,financials,gmp (no Sharescart 2020-22)"
INE510W01014,Inox Green Energy Services Ltd.,MB,2022,"subscription,financials,gmp (no Sharescart 2020-22)"
INE918Z01012,Kaynes Technology India Ltd.,MB,2022,"subscription,financials,gmp (no Sharescart 2020-22)"
INE128S01021,Five-Star Business Finance Ltd.,MB,2022,"subscription,financials,gmp (no Sharescart 2020-22)"
INE128X01021,Archean Chemical Industries Ltd.,MB,2022,"subscription,financials,gmp (no Sharescart 2020-22)"
INE474Q01031,Global Health Ltd.,MB,2022,"subscription,financials,gmp (no Sharescart 2020-22)"
INE00E101023,Bikaji Foods International Ltd.,MB,2022,"subscription,financials,gmp (no Sharescart 2020-22)"
INE139R01012,Fusion Micro Finance Ltd.,MB,2022,"subscription,financials,gmp (no Sharescart 2020-22)"
INE0KL801015,DCX Systems Ltd.,MB,2022,"subscription,financials,gmp (no Sharescart 2020-22)"
INE0HMF01019,Tracxn Technologies Ltd.,MB,2022,"subscription,financials,gmp (no Sharescart 2020-22)"
INE02YR01019,Electronics Mart India Ltd.,MB,2022,"subscription,financials,gmp (no Sharescart 2020-22)"
INE0JUS01029,Harsha Engineers International Ltd.,MB,2022,"subscription,financials,gmp (no Sharescart 2020-22)"
INE668A01016,Tamilnad Mercantile Bank Ltd.,MB,2022,"subscription,financials,gmp (no Sharescart 2020-22)"
INE0JS101016,Dreamfolks Services Ltd.,MB,2022,"subscription,financials,gmp (no Sharescart 2020-22)"
INE0DYJ01015,Syrma SGS Technology Ltd.,MB,2022,"subscription,financials,gmp (no Sharescart 2020-22)"
INE0BWX01014,Aether Industries Ltd.,MB,2022,"subscription,financials,gmp (no Sharescart 2020-22)"
INE01QM01018,eMudhra Ltd.,MB,2022,"subscription,financials,gmp (no Sharescart 2020-22)"
INE04TZ01018,Ethos Ltd.,MB,2022,"subscription,financials,gmp (no Sharescart 2020-22)"
INE088F01024,Paradeep Phosphates Ltd.,MB,2022,"subscription,financials,gmp (no Sharescart 2020-22)"
INE148O01028,Delhivery Ltd.,MB,2022,"subscription,financials,gmp (no Sharescart 2020-22)"
INE0JA001018,Venus Pipes & Tubes Ltd.,MB,2022,"subscription,financials,gmp (no Sharescart 2020-22)"
INE00F201020,Prudent Corporate Advisory Services Ltd.,MB,2022,"subscription,financials,gmp (no Sharescart 2020-22)"
INE0J1Y01017,Life Insurance Corp.of India,MB,2022,"subscription,financials,gmp (no Sharescart 2020-22)"
INE961O01016,Rainbow Children's Medicare Ltd.,MB,2022,"subscription,financials,gmp (no Sharescart 2020-22)"
INE278Y01022,Campus Activewear Ltd.,MB,2022,"subscription,financials,gmp (no Sharescart 2020-22)"
INE00EV01017,Hariom Pipe Industries Ltd.,MB,2022,"subscription,financials,gmp (no Sharescart 2020-22)"
INE0IQ001011,Veranda Learning Solutions Ltd.,MB,2022,"subscription,financials,gmp (no Sharescart 2020-22)"
INE0GIU01018,Uma Exports Ltd.,MB,2022,"subscription,financials,gmp (no Sharescart 2020-22)"
INE619A01035,Ruchi Soya Industries Ltd. FPO,MB,2022,"subscription,financials,gmp (no Sharescart 2020-22)"
INE825V01034,Vedant Fashions Ltd.,MB,2022,"subscription,financials,gmp (no Sharescart 2020-22)"
INE699H01024,Adani Wilmar Ltd.,MB,2022,"subscription,financials,gmp (no Sharescart 2020-22)"
INE583L01014,AGS Transact Technologies Ltd.,MB,2022,"subscription,financials,gmp (no Sharescart 2020-22)"
INE0D5F01013,Net Pix Shorts Digital Media Ltd.,SME,2020,"subscription,financials,gmp (no Sharescart 2020-22)"
INE0BLY01023,Shine Fashions (India) Ltd.,SME,2020,"subscription,financials,gmp (no Sharescart 2020-22)"
INE0EEJ01023,Bodhi Tree Multimedia Ltd.,SME,2020,"subscription,financials,gmp (no Sharescart 2020-22)"
INE244W01010,Veer Global Infraconstruction Ltd.,SME,2020,"subscription,financials,gmp (no Sharescart 2020-22)"
INE0ALR01029,Atal Realtech Ltd.,SME,2020,"subscription,financials,gmp (no Sharescart 2020-22)"
INE0E2801015,GM Polyplast Ltd.,SME,2020,"subscription,financials,gmp (no Sharescart 2020-22)"
INE0D0U01013,AAA Technologies Ltd.,SME,2020,"subscription,financials,gmp (no Sharescart 2020-22)"
INE0A0S01028,Sigma Solve Ltd.,SME,2020,"subscription,financials,gmp (no Sharescart 2020-22)"
INE09KD01013,Atam Valves Ltd.,SME,2020,"subscription,financials,gmp (no Sharescart 2020-22)"
INE0BTM01013,SecMark Consultancy Ltd.,SME,2020,"subscription,financials,gmp (no Sharescart 2020-22)"
INE0ALI01010,Advait Infratech Ltd.,SME,2020,"subscription,financials,gmp (no Sharescart 2020-22)"
INE0DG401010,Trekkingtoes.com Ltd.,SME,2020,"subscription,financials,gmp (no Sharescart 2020-22)"
INE05ST01028,Suratwwala Business Group Ltd.,SME,2020,"subscription,financials,gmp (no Sharescart 2020-22)"
INE0B9A01018,Bonlon Industries Ltd.,SME,2020,"subscription,financials,gmp (no Sharescart 2020-22)"
INE0D6I01023,Ksolves India Ltd.,SME,2020,"subscription,financials,gmp (no Sharescart 2020-22)"
INE0CRS01012,Billwin Industries Ltd.,SME,2020,"subscription,financials,gmp (no Sharescart 2020-22)"
INE0CPQ01010,Nirmitee Robotics India Ltd.,SME,2020,"subscription,financials,gmp (no Sharescart 2020-22)"
INE0B1K01014,DJ Mediaprint & Logistics Ltd.,SME,2020,"subscription,financials,gmp (no Sharescart 2020-22)"
INE258Y01016,Laxmi Goldorna House Ltd.,SME,2020,"subscription,financials,gmp (no Sharescart 2020-22)"
INE0CQB01010,Cospower Engineering Ltd.,SME,2020,"subscription,financials,gmp (no Sharescart 2020-22)"
INE0BDU01028,RO Jewels Ltd.,SME,2020,"subscription,financials,gmp (no Sharescart 2020-22)"
INE0C4I01011,SM Auto Stamping Ltd.,SME,2020,"subscription,financials,gmp (no Sharescart 2020-22)"
INE0AU701018,ICL Organic Dairy Products Ltd.,SME,2020,"subscription,financials,gmp (no Sharescart 2020-22)"
INE07QQ01016,Chandra Bhagat Pharma Ltd.,SME,2020,"subscription,financials,gmp (no Sharescart 2020-22)"
INE813V01022,Madhav Copper Ltd. FPO,SME,2020,"subscription,financials,gmp (no Sharescart 2020-22)"
INE04OV01018,Janus Corp.Ltd.,SME,2020,"subscription,financials,gmp (no Sharescart 2020-22)"
INE0BIW01023,Tranway Technologies Ltd.,SME,2020,"subscription,financials,gmp (no Sharescart 2020-22)"
INE05X901010,HindPrakash Industries Ltd.,SME,2020,"subscription,financials,gmp (no Sharescart 2020-22)"
INE0DRT01018,Fabino Life Sciences Ltd.,SME,2021,"subscription,financials,gmp (no Sharescart 2020-22)"
INE0IJY01014,Timescan Logistics (India) Ltd.,SME,2021,"subscription,financials,gmp (no Sharescart 2020-22)"
INE0E4I01027,Ascensive Educare Ltd.,SME,2021,"subscription,financials,gmp (no Sharescart 2020-22)"
INE08PH01015,AB Cotspin India Ltd.,SME,2021,"subscription,financials,gmp (no Sharescart 2020-22)"
INE0ILD01014,Brandbucket Media & Technology Ltd.,SME,2021,"subscription,financials,gmp (no Sharescart 2020-22)"
INE0IA701014,Vivo Collaboration Solutions Ltd.,SME,2021,"subscription,financials,gmp (no Sharescart 2020-22)"
INE0IM001015,Wherrelz IT Solutions Ltd.,SME,2021,"subscription,financials,gmp (no Sharescart 2020-22)"
INE0JJS01014,Clara Industries Ltd.,SME,2021,"subscription,financials,gmp (no Sharescart 2020-22)"
INE505V01016,Euro Panel Products Ltd.,SME,2021,"subscription,financials,gmp (no Sharescart 2020-22)"
INE0I7D01019,Foce India Ltd.,SME,2021,"subscription,financials,gmp (no Sharescart 2020-22)"
INE0JM501013,Nupur Recyclers Ltd.,SME,2021,"subscription,financials,gmp (no Sharescart 2020-22)"
INE07L501010,DMR Hydroengineering & Infrastructures Ltd.,SME,2021,"subscription,financials,gmp (no Sharescart 2020-22)"
INE0JFE01012,Omnipotent Industries Ltd.,SME,2021,"subscription,financials,gmp (no Sharescart 2020-22)"
INE07GA01011,Suyog Gurbaxani Funicular Ropeways Ltd.,SME,2021,"subscription,financials,gmp (no Sharescart 2020-22)"
INE0J6L01013,Nidan Laboratories & Healthcare Ltd.,SME,2021,"subscription,financials,gmp (no Sharescart 2020-22)"
INE0J0B01017,Kotyark Industries Ltd.,SME,2021,"subscription,financials,gmp (no Sharescart 2020-22)"
INE0GN101014,D.K.Enterprises Global Ltd.,SME,2021,"subscription,financials,gmp (no Sharescart 2020-22)"
INE0IGO01011,Destiny Logistics & Infra Ltd.,SME,2021,"subscription,financials,gmp (no Sharescart 2020-22)"
INE0DZ701010,Dynamic Services & Security Ltd.,SME,2021,"subscription,financials,gmp (no Sharescart 2020-22)"
INE0GD201014,Samor Reality Ltd.,SME,2021,"subscription,financials,gmp (no Sharescart 2020-22)"
INE0CWK01019,Adishakti Loha & Ispat Ltd.,SME,2021,"subscription,financials,gmp (no Sharescart 2020-22)"
INE0H8H01019,CWD Ltd.,SME,2021,"subscription,financials,gmp (no Sharescart 2020-22)"
INE0I2F01015,Promax Power Ltd.,SME,2021,"subscription,financials,gmp (no Sharescart 2020-22)"
INE0I3Y01014,Bombay Metrics Supply Chain Ltd.,SME,2021,"subscription,financials,gmp (no Sharescart 2020-22)"
INE0HLJ01013,Shri Venkatesh Refineries Ltd.,SME,2021,"subscription,financials,gmp (no Sharescart 2020-22)"
INE02KC01010,Jainam Ferro Alloys (I) Ltd.,SME,2021,"subscription,financials,gmp (no Sharescart 2020-22)"
INE0H1201020,Getalong Enterprise Ltd.,SME,2021,"subscription,financials,gmp (no Sharescart 2020-22)"
INE0GOJ01027,Quadpro ITeS Ltd.,SME,2021,"subscription,financials,gmp (no Sharescart 2020-22)"
INE0DLM01024,SBL Infratech Ltd.,SME,2021,"subscription,financials,gmp (no Sharescart 2020-22)"
INE0FW001016,Markolines Traffic Controls Ltd.,SME,2021,"subscription,financials,gmp (no Sharescart 2020-22)"
INE0GAO01018,Prevest Denpro Ltd.,SME,2021,"subscription,financials,gmp (no Sharescart 2020-22)"
INE0HQI01014,BEW Engineering Ltd.,SME,2021,"subscription,financials,gmp (no Sharescart 2020-22)"
INE0DTJ01015,Platinumone Business Services Ltd.,SME,2021,"subscription,financials,gmp (no Sharescart 2020-22)"
INE0GOA01018,Naapbooks Ltd.,SME,2021,"subscription,financials,gmp (no Sharescart 2020-22)"
INE0HPK01012,DU Digital Technologies Ltd.,SME,2021,"subscription,financials,gmp (no Sharescart 2020-22)"
INE0EAX01014,Aashka Hospitals Ltd.,SME,2021,"subscription,financials,gmp (no Sharescart 2020-22)"
INE00D001018,Rex Pipes & Cables Industries Ltd.,SME,2021,"subscription,financials,gmp (no Sharescart 2020-22)"
INE0FFK01017,Network People Services Technologies Ltd.,SME,2021,"subscription,financials,gmp (no Sharescart 2020-22)"
INE199P01028,Gretex Corporate Services Ltd.,SME,2021,"subscription,financials,gmp (no Sharescart 2020-22)"
INE0C5901022,AA Plus Tradelink Ltd.,SME,2021,"subscription,financials,gmp (no Sharescart 2020-22)"
INE0DXR01010,Focus Business Solution Ltd.,SME,2021,"subscription,financials,gmp (no Sharescart 2020-22)"
INE0G2G01015,Walpar Nutritions Ltd.,SME,2021,"subscription,financials,gmp (no Sharescart 2020-22)"
INE0B6101012,Times Green Energy (India) Ltd.,SME,2021,"subscription,financials,gmp (no Sharescart 2020-22)"
INE0H8J01015,Adeshwar Meditex Ltd.,SME,2021,"subscription,financials,gmp (no Sharescart 2020-22)"
INE0DB001013,Navoday Enterprises Ltd.,SME,2021,"subscription,financials,gmp (no Sharescart 2020-22)"
INE0CAJ01017,Abhishek Integrations Ltd.,SME,2021,"subscription,financials,gmp (no Sharescart 2020-22)"
INE04CO01018,Kuberan Global Edu Solutions Ltd.,SME,2021,"subscription,financials,gmp (no Sharescart 2020-22)"
INE0D9X01018,Jetmall Spices & Masala Ltd.,SME,2021,"subscription,financials,gmp (no Sharescart 2020-22)"
INE0CQ101015,Rajeshwari Cans Ltd.,SME,2021,"subscription,financials,gmp (no Sharescart 2020-22)"
INE0GXK01018,V-Marc India Ltd.,SME,2021,"subscription,financials,gmp (no Sharescart 2020-22)"
INE0CPR01018,EKI Energy Services Ltd.,SME,2021,"subscription,financials,gmp (no Sharescart 2020-22)"
INE0A1E01018,Siddhika Coatings Ltd.,SME,2021,"subscription,financials,gmp (no Sharescart 2020-22)"
INE0GX601011,NIKS Technology Ltd.,SME,2021,"subscription,financials,gmp (no Sharescart 2020-22)"
INE0CJD01029,Knowledge Marine & Engineering Works Ltd.,SME,2021,"subscription,financials,gmp (no Sharescart 2020-22)"
INE0EMB01015,Rangoli Tradecomm Ltd.,SME,2021,"subscription,financials,gmp (no Sharescart 2020-22)"
INE05FR01029,Ashapuri Gold Ornament Ltd. FPO,SME,2021,"subscription,financials,gmp (no Sharescart 2020-22)"
INE0G0V01018,ADJIA Technologies Ltd.,SME,2021,"subscription,financials,gmp (no Sharescart 2020-22)"
INE07S101038,Pavna Industries Ltd.,SME,2021,"subscription,financials,gmp (no Sharescart 2020-22)"
INE06ZX01015,Party Cruisers Ltd.,SME,2021,"subscription,financials,gmp (no Sharescart 2020-22)"
INE0D7801012,MRP Agro Ltd.,SME,2021,"subscription,financials,gmp (no Sharescart 2020-22)"
INE0MID01012,SVS Ventures Ltd.,SME,2022,"subscription,financials,gmp (no Sharescart 2020-22)"
INE0MFT01014,Rex Sealing & Packing Industries Ltd.,SME,2022,"subscription,financials,gmp (no Sharescart 2020-22)"
INE0LR101013,Anlon Technology Solutions Ltd.,SME,2022,"subscription,financials,gmp (no Sharescart 2020-22)"
INE0NA301016,RBM Infracon Ltd.,SME,2022,"subscription,financials,gmp (no Sharescart 2020-22)"
INE0N7F01017,Homesfy Realty Ltd.,SME,2022,"subscription,financials,gmp (no Sharescart 2020-22)"
INE0N6D01014,Moxsh Overseas Educon Ltd.,SME,2022,"subscription,financials,gmp (no Sharescart 2020-22)"
INE0NCC01015,Arihant Academy Ltd.,SME,2022,"subscription,financials,gmp (no Sharescart 2020-22)"
INE067901012,Uma Converter Ltd.,SME,2022,"subscription,financials,gmp (no Sharescart 2020-22)"
INE0JHH01011,Dollex Agrotech Ltd.,SME,2022,"subscription,financials,gmp (no Sharescart 2020-22)"
INE0MQD01015,Droneacharya Aerial Innovations Ltd.,SME,2022,"subscription,financials,gmp (no Sharescart 2020-22)"
INE0M2X01012,All E Technologies Ltd.,SME,2022,"subscription,financials,gmp (no Sharescart 2020-22)"
INE0NT601018,PNGS Gargi Fashion Jewellery Ltd.,SME,2022,"subscription,financials,gmp (no Sharescart 2020-22)"
INE0L2Y01011,Arham Technologies Ltd.,SME,2022,"subscription,financials,gmp (no Sharescart 2020-22)"
INE029Q01017,Baheti Recycling Industries Ltd.,SME,2022,"subscription,financials,gmp (no Sharescart 2020-22)"
INE0MJQ01020,Pritika Engineering Components Ltd.,SME,2022,"subscription,financials,gmp (no Sharescart 2020-22)"
INE0N6V01016,AMBO Agritec Ltd.,SME,2022,"subscription,financials,gmp (no Sharescart 2020-22)"
INE0MXP01015,Technopack Polymers Ltd.,SME,2022,"subscription,financials,gmp (no Sharescart 2020-22)"
INE0MTP01013,Amiable Logistics (India) Ltd.,SME,2022,"subscription,financials,gmp (no Sharescart 2020-22)"
INE0L4K01016,Vital Chemtech Ltd.,SME,2022,"subscription,financials,gmp (no Sharescart 2020-22)"
INE975Z01012,DAPS Advertising Ltd.,SME,2022,"subscription,financials,gmp (no Sharescart 2020-22)"
INE02EE01019,Integrated Personnel Services Ltd.,SME,2022,"subscription,financials,gmp (no Sharescart 2020-22)"
INE0MRA01019,Rite Zone Chemcon India Ltd.,SME,2022,"subscription,financials,gmp (no Sharescart 2020-22)"
INE0MLZ01019,Phantom Digital Effects Ltd.,SME,2022,"subscription,financials,gmp (no Sharescart 2020-22)"
INE0NC801013,Vedant Asset Ltd.,SME,2022,"subscription,financials,gmp (no Sharescart 2020-22)"
INE0N1L01018,Pace E-Commerce Ventures Ltd.,SME,2022,"subscription,financials,gmp (no Sharescart 2020-22)"
INE385O01018,Frog Cellsat Ltd.,SME,2022,"subscription,financials,gmp (no Sharescart 2020-22)"
INE0DGC01025,Swastik Pipe Ltd.,SME,2022,"subscription,financials,gmp (no Sharescart 2020-22)"
INE0DTQ01028,Lloyds Luxuries Ltd.,SME,2022,"subscription,financials,gmp (no Sharescart 2020-22)"
INE0MNV01014,Silicon Rental Solutions Ltd.,SME,2022,"subscription,financials,gmp (no Sharescart 2020-22)"
INE0KZM01011,Cargosol Logistics Ltd.,SME,2022,"subscription,financials,gmp (no Sharescart 2020-22)"
INE0FMW01018,QMS Medical Allied Services Ltd.,SME,2022,"subscription,financials,gmp (no Sharescart 2020-22)"
INE075Z01011,Cyber Media Research & Services Ltd.,SME,2022,"subscription,financials,gmp (no Sharescart 2020-22)"
INE0N0J01014,Concord Control Systems Ltd.,SME,2022,"subscription,financials,gmp (no Sharescart 2020-22)"
INE0M4L01013,Cargotrans Maritime Ltd.,SME,2022,"subscription,financials,gmp (no Sharescart 2020-22)"
INE0MKO01015,Reetech International Cargo & Courier Ltd.,SME,2022,"subscription,financials,gmp (no Sharescart 2020-22)"
INE0KY201021,Maagh Advertising & Marketing Services Ltd.,SME,2022,"subscription,financials,gmp (no Sharescart 2020-22)"
INE0MSK01016,Steelman Telecom Ltd.,SME,2022,"subscription,financials,gmp (no Sharescart 2020-22)"
INE0MKA01014,Trident Lifeline Ltd.,SME,2022,"subscription,financials,gmp (no Sharescart 2020-22)"
INE0KQQ01011,Mafia Trends Ltd.,SME,2022,"subscription,financials,gmp (no Sharescart 2020-22)"
INE0M8901010,Containe Technologies Ltd.,SME,2022,"subscription,financials,gmp (no Sharescart 2020-22)"
INE0JOO01021,Varanium Cloud Ltd.,SME,2022,"subscription,financials,gmp (no Sharescart 2020-22)"
INE0CDK01019,Maks Energy Solutions India Ltd.,SME,2022,"subscription,financials,gmp (no Sharescart 2020-22)"
INE0MOT01016,Kandarp Digi Smart BPO Ltd.,SME,2022,"subscription,financials,gmp (no Sharescart 2020-22)"
INE0MGM01017,Annapurna Swadisht Ltd.,SME,2022,"subscription,financials,gmp (no Sharescart 2020-22)"
INE0M7001010,Tapi Fruit Processing Ltd.,SME,2022,"subscription,financials,gmp (no Sharescart 2020-22)"
INE0LCW01025,Ishan International Ltd.,SME,2022,"subscription,financials,gmp (no Sharescart 2020-22)"
INE0DZ101013,Sabar Flex India Ltd.,SME,2022,"subscription,financials,gmp (no Sharescart 2020-22)"
INE0G1D01014,Mega Flex Plastics Ltd.,SME,2022,"subscription,financials,gmp (no Sharescart 2020-22)"
INE0LU301014,Shantidoot Infra Services Ltd.,SME,2022,"subscription,financials,gmp (no Sharescart 2020-22)"
INE0MEG01014,Viviana Power Tech Ltd.,SME,2022,"subscription,financials,gmp (no Sharescart 2020-22)"
INE0I0T01010,Virtuoso Optoelectronics Ltd.,SME,2022,"subscription,financials,gmp (no Sharescart 2020-22)"
INE0D2I01014,EP Biocomposites Ltd.,SME,2022,"subscription,financials,gmp (no Sharescart 2020-22)"
INE0J6801010,Jay Jalaram Technologies Ltd.,SME,2022,"subscription,financials,gmp (no Sharescart 2020-22)"
INE0LA901015,JFL Life Sciences Ltd.,SME,2022,"subscription,financials,gmp (no Sharescart 2020-22)"
INE0KT901015,Ameya Precision Engineers Ltd.,SME,2022,"subscription,financials,gmp (no Sharescart 2020-22)"
INE0MC401013,Dipna Pharmachem Ltd.,SME,2022,"subscription,financials,gmp (no Sharescart 2020-22)"
INE0KKN01029,Rhetan TMT Ltd.,SME,2022,"subscription,financials,gmp (no Sharescart 2020-22)"
INE0JNB01012,Naturo Indiabull Ltd.,SME,2022,"subscription,financials,gmp (no Sharescart 2020-22)"
INE0M3901015,Olatech Solutions Ltd.,SME,2022,"subscription,financials,gmp (no Sharescart 2020-22)"
INE0KTW01013,Veekayem Fashion & Apparels Ltd.,SME,2022,"subscription,financials,gmp (no Sharescart 2020-22)"
INE0CBM01019,Upsurge Seeds of Agriculture Ltd.,SME,2022,"subscription,financials,gmp (no Sharescart 2020-22)"
INE0LF301013,Agni Green Power Ltd.,SME,2022,"subscription,financials,gmp (no Sharescart 2020-22)"
INE0L3501015,Healthy Life Agritec Ltd.,SME,2022,"subscription,financials,gmp (no Sharescart 2020-22)"
INE0KZA01016,SKP Bearing Industries Ltd.,SME,2022,"subscription,financials,gmp (no Sharescart 2020-22)"
INE0KR801019,Jayant Infratech Ltd.,SME,2022,"subscription,financials,gmp (no Sharescart 2020-22)"
INE0IZQ01016,B-Right Realestate Ltd.,SME,2022,"subscription,financials,gmp (no Sharescart 2020-22)"
INE0JYY01011,Mangalam Worldwide Ltd.,SME,2022,"subscription,financials,gmp (no Sharescart 2020-22)"
INE0L1C01019,Kesar India Ltd.,SME,2022,"subscription,financials,gmp (no Sharescart 2020-22)"
INE0ID001024,Veerkrupa Jewellers Ltd.,SME,2022,"subscription,financials,gmp (no Sharescart 2020-22)"
INE0J1E01027,KCK Industries Ltd.,SME,2022,"subscription,financials,gmp (no Sharescart 2020-22)"
INE0KHQ01010,Sailani Tours N Travels Ltd.,SME,2022,"subscription,financials,gmp (no Sharescart 2020-22)"
INE0GTX01019,Pearl Green Clubs & Resorts Ltd.,SME,2022,"subscription,financials,gmp (no Sharescart 2020-22)"
INE0L0L01012,Modi's Navnirman Ltd.,SME,2022,"subscription,financials,gmp (no Sharescart 2020-22)"
INE0K6L01010,Goel Food Products Ltd.,SME,2022,"subscription,financials,gmp (no Sharescart 2020-22)"
INE0IXR01019,Scarnose International Ltd.,SME,2022,"subscription,financials,gmp (no Sharescart 2020-22)"
INE0KXN01014,Silver Pearl Hospitality & Luxury Spaces Ltd.,SME,2022,"subscription,financials,gmp (no Sharescart 2020-22)"
INE0LQQ01019,Fidel Softech Ltd.,SME,2022,"subscription,financials,gmp (no Sharescart 2020-22)"
INE00WS01056,Globesecure Technologies Ltd.,SME,2022,"subscription,financials,gmp (no Sharescart 2020-22)"
INE02OY01016,Rachana Infrastructure Ltd.,SME,2022,"subscription,financials,gmp (no Sharescart 2020-22)"
INE0JZA01018,Sonu Infratech Ltd.,SME,2022,"subscription,financials,gmp (no Sharescart 2020-22)"
INE0G1L01017,Le Merite Exports Ltd.,SME,2022,"subscription,financials,gmp (no Sharescart 2020-22)"
INE0L3H01014,Fone4 Communications (India) Ltd.,SME,2022,"subscription,financials,gmp (no Sharescart 2020-22)"
INE0E5R01017,Nanavati Ventures Ltd.,SME,2022,"subscription,financials,gmp (no Sharescart 2020-22)"
INE0J2K01014,Global Longlife Hospital & Research Ltd.,SME,2022,"subscription,financials,gmp (no Sharescart 2020-22)"
INE0JMN01019,Shashwat Furnishing Solutions Ltd.,SME,2022,"subscription,financials,gmp (no Sharescart 2020-22)"
INE0KSN01014,Eighty Jewellers Ltd.,SME,2022,"subscription,financials,gmp (no Sharescart 2020-22)"
INE0J5801029,Jeena Sikho Lifecare Ltd.,SME,2022,"subscription,financials,gmp (no Sharescart 2020-22)"
INE0KPY01017,Sunrise Efficient Marketing Ltd.,SME,2022,"subscription,financials,gmp (no Sharescart 2020-22)"
INE0K5F01014,Dhyaani Tile & Marblez Ltd.,SME,2022,"subscription,financials,gmp (no Sharescart 2020-22)"
INE0J5601015,Krishna Defence & Allied Industries Ltd.,SME,2022,"subscription,financials,gmp (no Sharescart 2020-22)"
INE0KN801013,P.E.Analytics Ltd.,SME,2022,"subscription,financials,gmp (no Sharescart 2020-22)"
INE0GGO01015,Empyrean Cashews Ltd.,SME,2022,"subscription,financials,gmp (no Sharescart 2020-22)"
INE0JVD01011,Evoq Remedies Ltd.,SME,2022,"subscription,financials,gmp (no Sharescart 2020-22)"
INE0K1401020,Achyut Healthcare Ltd.,SME,2022,"subscription,financials,gmp (no Sharescart 2020-22)"
INE0KNW01016,KN Agri Resources Ltd.,SME,2022,"subscription,financials,gmp (no Sharescart 2020-22)"
INE0GMR01016,Swaraj Suiting Ltd.,SME,2022,"subscription,financials,gmp (no Sharescart 2020-22)"
INE0KQ001017,Bhatia Colour Chem Ltd.,SME,2022,"subscription,financials,gmp (no Sharescart 2020-22)"
INE0HS001028,Cool Caps Industries Ltd.,SME,2022,"subscription,financials,gmp (no Sharescart 2020-22)"
INE0JW501011,SP Refractories Ltd.,SME,2022,"subscription,financials,gmp (no Sharescart 2020-22)"
INE03KJ01013,Shigan Quantum Technologies Ltd.,SME,2022,"subscription,financials,gmp (no Sharescart 2020-22)"
INE0KCM01010,Ekennis Software Service Ltd.,SME,2022,"subscription,financials,gmp (no Sharescart 2020-22)"
INE0JR301013,Vaidya Sane Ayurved Laboratories Ltd.,SME,2022,"subscription,financials,gmp (no Sharescart 2020-22)"
INE0J1P01015,Richa Info Systems Ltd.,SME,2022,"subscription,financials,gmp (no Sharescart 2020-22)"
INE0JSJ01014,Maruti Interior Products Ltd.,SME,2022,"subscription,financials,gmp (no Sharescart 2020-22)"
INE0JNA01014,Safa Systems & Technologies Ltd.,SME,2022,"subscription,financials,gmp (no Sharescart 2020-22)"
INE0KAF01018,Quality RO Industries Ltd.,SME,2022,"subscription,financials,gmp (no Sharescart 2020-22)"
INE0HKW01018,Precision Metaliks Ltd.,SME,2022,"subscription,financials,gmp (no Sharescart 2020-22)"
INE0KA601012,Alkosign Ltd.,SME,2022,"subscription,financials,gmp (no Sharescart 2020-22)"
