config,isin,type,cohort,listing_date,bucket,issue_size_cr,pe,n_peers,pe_pctl,pe_relsec,alpha_1y,alpha_3y
A_fine_ind_band3,INE0M4D01010,MB,boom,2025-01-13,Industrial Products,410.0,40.0,6,0.833,1.478,-0.2671,
A_fine_ind_band3,INE08N601015,MB,boom,2025-08-06,Civil Construction,650.0,25.0,5,1.0,1.579,,
A_fine_ind_band3,INE01R501028,MB,boom,2025-09-03,Civil Construction,772.0,12.76,6,0.0,0.692,,
A_fine_ind_band3,INE1B3L01017,MB,boom,2025-09-17,"Gems, Jewellery And Watches",401.0,19.19,5,0.2,0.684,,
A_fine_ind_band3,INE056801025,MB,boom,2025-09-25,IT Enabled Services,560.0,18.69,5,0.2,0.798,,
A_fine_ind_band3,INE1AG301022,MB,boom,2025-09-26,Civil Construction,464.0,19.37,7,0.571,1.223,,
A_fine_ind_band3,INE0TY101024,MB,boom,2025-09-30,Civil Construction,490.0,32.8,8,1.0,1.864,,
A_fine_ind_band3,INE0MLS01022,MB,boom,2025-10-01,Industrial Products,504.0,26.49,8,0.5,0.979,,
A_fine_ind_band3,INE506V01022,MB,boom,2025-10-16,Pharmaceuticals,1378.0,55.11,7,0.857,2.269,,
A_fine_ind_band3,INE12UR01024,MB,boom,2025-11-20,Other Electrical Equipment,828.0,40.71,5,0.4,0.896,,
A_fine_ind_band3,INE606N01019,MB,boom,2025-11-26,IT Enabled Services,500.0,34.29,6,0.833,1.468,,
A_fine_ind_band3,INE0QPI01025,MB,boom,2025-11-28,Pharmaceuticals,895.0,46.33,7,0.857,1.908,,
A_fine_ind_band3,INE02ZQ01018,MB,boom,2025-12-15,Pharmaceuticals,655.0,43.52,8,0.75,1.675,,
B_broad_band3,INE0JR601024,MB,boom,2023-09-28,Consumer Discretionary,775.0,61.74,6,0.667,1.346,-0.3572,
B_broad_band3,INE0KNT01012,MB,boom,2023-10-03,Consumer Discretionary,270.0,10.44,5,0.0,0.169,-0.0648,
B_broad_band3,INE491J01022,MB,boom,2023-11-15,Consumer Discretionary,834.0,22.38,8,0.0,0.47,0.1442,
B_broad_band3,INE922K01024,MB,boom,2023-12-20,Financial Services,1200.0,14.01,5,0.2,0.61,0.1602,
B_broad_band3,INE843S01025,MB,boom,2023-12-26,Consumer Discretionary,400.0,16.51,7,0.143,0.309,0.6816,
B_broad_band3,INE220Q01020,MB,boom,2023-12-27,Consumer Discretionary,550.0,26.67,10,0.3,0.756,-0.5372,
B_broad_band3,INE330T01021,MB,boom,2023-12-27,Industrials,1009.0,29.93,6,0.333,0.876,-0.1317,
B_broad_band3,INE02IJ01035,MB,boom,2023-12-28,Industrials,740.0,35.65,8,0.625,1.174,1.3876,
B_broad_band3,INE980O01024,MB,boom,2024-01-16,Industrials,1000.0,23.81,8,0.0,0.717,1.6973,
B_broad_band3,INE456Z01021,MB,boom,2024-01-23,Financial Services,1172.0,32.4,6,0.833,1.59,0.1536,
B_broad_band3,INE0G5901015,MB,boom,2024-01-30,Consumer Discretionary,640.0,39.66,12,0.583,1.124,1.1475,
B_broad_band3,INE988S01028,MB,boom,2024-02-12,Consumer Discretionary,920.0,39.74,12,0.583,1.02,-0.2504,
B_broad_band3,INE953L01027,MB,boom,2024-02-14,Financial Services,570.0,8.64,6,0.0,0.372,0.0385,
B_broad_band3,INE646H01017,MB,boom,2024-02-14,Financial Services,523.0,15.0,6,0.167,0.646,-0.3572,
B_broad_band3,INE696F01016,MB,boom,2024-02-28,Consumer Discretionary,1800.0,112.5,9,1.0,2.831,-0.4186,
B_broad_band3,INE486R01017,MB,boom,2024-02-29,Healthcare,525.0,30.49,5,1.0,1.494,-0.354,
B_broad_band3,INE0NQ801033,MB,boom,2024-03-12,Consumer Discretionary,424.0,77.84,13,0.923,1.963,-0.2365,
B_broad_band3,INE0L9R01028,MB,boom,2024-03-14,Fast Moving Consumer Goods,650.0,267.33,5,0.8,10.025,-0.2902,
B_broad_band3,INE0R6Z01013,MB,boom,2024-04-03,Industrials,130.0,8.75,7,0.0,0.359,0.4356,
B_broad_band3,INE0OAF01028,MB,boom,2024-04-30,Industrials,649.0,75.45,9,1.0,2.521,-0.569,
B_broad_band3,INE065X01017,MB,boom,2024-05-13,Healthcare,1842.0,26.28,5,1.0,1.259,-0.1105,
B_broad_band3,INE883F01010,MB,boom,2024-05-15,Financial Services,3000.0,14.72,5,0.4,0.826,0.2281,
B_broad_band3,INE673O01025,MB,boom,2024-05-15,Consumer Discretionary,1551.0,42.4,11,0.636,1.067,-0.2706,
B_broad_band3,INE03JT01014,MB,boom,2024-05-23,Financial Services,2615.0,57.87,6,1.0,3.558,-0.0243,
B_broad_band3,INE0HV901016,MB,boom,2024-06-18,Consumer Discretionary,740.0,58.12,17,0.706,1.462,0.0353,
B_broad_band3,INE841L01016,MB,boom,2024-06-26,Industrials,418.0,30.3,11,0.545,1.012,-0.1365,
B_broad_band3,INE01A001028,MB,boom,2024-06-28,Consumer Discretionary,537.0,70.96,16,0.875,1.787,-0.331,
B_broad_band3,INE168P01015,MB,boom,2024-07-10,Healthcare,1952.0,27.69,6,1.0,1.295,-0.0984,
B_broad_band3,INE0B9K01025,MB,boom,2024-07-10,Industrials,745.0,26.39,12,0.25,0.864,0.0759,
B_broad_band3,INE08NE01025,MB,boom,2024-07-26,Fast Moving Consumer Goods,510.0,36.54,6,0.5,1.112,-0.2139,
B_broad_band3,INE09XN01023,MB,boom,2024-08-06,Healthcare,1857.0,30.04,7,1.0,1.371,-0.4126,
B_broad_band3,INE0AG901020,MB,boom,2024-08-08,Industrials,1253.0,23.59,11,0.0,0.766,-0.3436,
B_broad_band3,INE00U401027,MB,boom,2024-08-13,Information Technology,277.0,67.5,5,1.0,2.881,-0.4028,
B_broad_band3,INE0PQ101010,MB,boom,2024-08-20,Consumer Discretionary,160.0,20.78,7,0.429,0.662,-0.5507,
B_broad_band3,INE00M901018,MB,boom,2024-08-26,Industrials,600.0,13.14,13,0.0,0.439,0.76,
B_broad_band3,INE0PPK01015,MB,boom,2024-08-28,Information Technology,215.0,15.97,6,0.167,0.665,0.0242,
B_broad_band3,INE0BS701011,MB,boom,2024-09-03,Industrials,2830.0,21.03,5,0.0,0.793,0.2428,
B_broad_band3,INE01FR01028,MB,boom,2024-09-06,Consumer Discretionary,835.0,194.5,18,1.0,4.62,-0.1293,
B_broad_band3,INE0RE001014,MB,boom,2024-09-09,Industrials,168.0,22.8,10,0.4,0.9,0.0954,
B_broad_band3,INE0S2G01011,MB,boom,2024-09-12,Industrials,170.0,24.41,11,0.545,1.002,-0.4427,
B_broad_band3,INE0O6601022,MB,boom,2024-09-16,Consumer Discretionary,500.0,30.0,17,0.235,0.755,-0.1119,
B_broad_band3,INE0RWQ01014,MB,boom,2024-09-16,Consumer Discretionary,230.0,20.73,12,0.25,0.584,-0.175,
B_broad_band3,INE953R01016,MB,boom,2024-09-17,Consumer Discretionary,1100.0,28.07,20,0.15,0.667,-0.1954,
B_broad_band3,INE850M01015,MB,boom,2024-09-24,Financial Services,777.0,13.08,9,0.222,0.735,-0.1144,
B_broad_band3,INE0Q3J01015,MB,boom,2024-10-03,Industrials,342.0,22.45,17,0.294,0.852,0.7448,
B_broad_band3,INE184O01015,MB,boom,2024-10-04,Industrials,158.0,17.5,12,0.167,0.742,0.8129,
B_broad_band3,INE0JVO01026,MB,boom,2024-10-15,Industrials,264.0,15.83,16,0.188,0.671,0.7722,
B_broad_band3,INE0OPA01019,MB,boom,2024-10-28,Industrials,260.0,14.5,17,0.176,0.636,-0.1091,
B_broad_band3,INE995S01015,MB,boom,2024-11-14,Financial Services,2200.0,61.67,9,1.0,3.462,-0.0666,
B_broad_band3,INE877V01027,MB,boom,2024-12-06,Healthcare,846.0,73.5,9,1.0,2.95,-0.3883,
B_broad_band3,INE570L01029,MB,boom,2024-12-18,Healthcare,3043.0,62.39,5,1.0,2.374,0.0795,
B_broad_band3,INE0JPD01013,MB,boom,2024-12-27,Consumer Discretionary,550.0,15.07,21,0.048,0.38,0.0247,
B_broad_band3,INE0TO701015,MB,boom,2024-12-27,Industrials,179.0,14.64,16,0.188,0.647,-0.4253,
B_broad_band3,INE284H01025,MB,boom,2024-12-27,Financial Services,840.0,19.25,11,0.545,1.081,-0.5848,
B_broad_band3,INE454P01035,MB,boom,2024-12-27,Industrials,839.0,16.81,16,0.062,0.596,-0.013,
B_broad_band3,INE0V7W01012,MB,boom,2024-12-30,Consumer Discretionary,1250.0,45.42,19,0.579,1.086,-0.2647,
B_broad_band3,INE0RB801010,MB,boom,2024-12-30,Healthcare,582.0,24.29,7,0.571,1.163,0.3815,
B_broad_band3,INE781S01027,MB,boom,2024-12-30,Consumer Discretionary,1600.0,94.56,17,0.882,2.262,-0.047,
B_broad_band3,INE0U3I01011,MB,boom,2024-12-31,Industrials,500.0,44.6,21,0.857,1.827,-0.4453,
B_broad_band3,INE622H01018,MB,boom,2025-01-07,Industrials,260.0,37.72,20,0.85,1.667,-0.3624,
B_broad_band3,INE0M4D01010,MB,boom,2025-01-13,Industrials,410.0,40.0,24,0.833,1.659,-0.2671,
B_broad_band3,INE0WO601020,MB,boom,2025-01-20,Healthcare,698.0,70.16,11,0.909,2.816,-0.6623,
B_broad_band3,INE0RYC01010,MB,boom,2025-01-23,Commodities,199.0,18.0,5,0.6,1.243,0.4872,
B_broad_band3,INE943P01029,MB,boom,2025-02-04,Healthcare,3027.0,143.57,6,1.0,5.32,0.0355,
B_broad_band3,INE274Y01021,MB,boom,2025-02-17,Industrials,1269.0,27.71,15,0.467,0.926,-0.3034,
B_broad_band3,INE0SII01026,MB,boom,2025-02-24,Industrials,859.0,46.7,20,0.9,1.621,1.1533,
B_broad_band3,INE16SF01016,MB,boom,2025-05-27,Consumer Discretionary,145.0,10.75,9,0.222,0.517,0.3457,
B_broad_band3,INE894V01022,MB,boom,2025-05-28,Consumer Discretionary,2150.0,16.36,14,0.0,0.373,1.2734,
B_broad_band3,INE0AQ201015,MB,boom,2025-06-02,Consumer Discretionary,3500.0,217.5,9,1.0,5.13,-0.0126,
B_broad_band3,INE0BX301013,MB,boom,2025-06-03,Industrials,168.0,15.22,20,0.2,0.645,0.1352,
B_broad_band3,INE0BYP01024,MB,boom,2025-06-20,Industrials,1387.0,21.77,17,0.176,0.727,,
B_broad_band3,INE227J01012,MB,boom,2025-07-01,Consumer Discretionary,1590.0,276.0,21,1.0,6.51,,
B_broad_band3,INE0V3U01015,MB,boom,2025-07-01,Industrials,119.0,12.91,17,0.118,0.575,,
B_broad_band3,INE12NJ01018,MB,boom,2025-07-02,Industrials,540.0,34.17,24,0.667,1.26,,
B_broad_band3,INE05J901018,MB,boom,2025-07-03,Commodities,200.0,17.08,7,0.429,0.949,,
B_broad_band3,INE0S4R01014,MB,boom,2025-07-09,Consumer Discretionary,860.0,28.16,26,0.231,0.669,,
B_broad_band3,INE103V01028,MB,boom,2025-07-14,Consumer Discretionary,2000.0,39.86,18,0.389,0.908,,
B_broad_band3,INE0CZ201020,MB,boom,2025-07-21,Healthcare,3395.0,70.37,7,0.857,2.541,,
B_broad_band3,INE18JU01028,MB,boom,2025-07-30,Information Technology,460.0,33.38,7,0.714,1.425,,
B_broad_band3,INE03NU01014,MB,boom,2025-07-31,Consumer Discretionary,760.0,128.57,29,0.931,3.226,,
B_broad_band3,INE06ZD01017,MB,boom,2025-08-01,Consumer Discretionary,360.0,19.32,23,0.174,0.487,,
B_broad_band3,INE06WU01026,MB,boom,2025-08-05,Financial Services,254.0,17.95,6,0.667,1.158,,
B_broad_band3,INE819V01029,MB,boom,2025-08-05,Industrials,1300.0,20.45,19,0.105,0.683,,
B_broad_band3,INE301O01023,MB,boom,2025-08-06,Financial Services,4011.0,46.51,5,0.6,1.794,,
B_broad_band3,INE08N601015,MB,boom,2025-08-06,Industrials,650.0,25.0,26,0.385,0.922,,
B_broad_band3,INE0V9Q01010,MB,boom,2025-08-06,Consumer Discretionary,792.0,27.27,31,0.226,0.684,,
B_broad_band3,INE0GV601021,MB,boom,2025-08-14,Consumer Discretionary,401.0,30.56,27,0.481,0.974,,
B_broad_band3,INE0MHO01029,MB,boom,2025-08-20,Fast Moving Consumer Goods,306.0,16.72,5,0.0,0.458,,
B_broad_band3,INE0R8B01010,MB,boom,2025-08-26,Consumer Discretionary,243.0,24.76,18,0.444,0.874,,
B_broad_band3,INE078V01014,MB,boom,2025-08-26,Industrials,2079.0,72.17,16,1.0,2.729,,
B_broad_band3,INE06XZ01023,MB,boom,2025-08-26,Commodities,451.0,28.51,7,0.714,1.584,,
B_broad_band3,INE1B6101010,MB,boom,2025-08-26,Services,411.0,25.71,5,0.6,1.076,,
B_broad_band3,INE0PKD01011,MB,boom,2025-08-28,Industrials,400.0,24.29,29,0.448,0.971,,
B_broad_band3,INE01R501028,MB,boom,2025-09-03,Industrials,772.0,12.76,30,0.0,0.471,,
B_broad_band3,INE0CAZ01013,MB,boom,2025-09-17,Consumer Discretionary,1900.0,60.59,22,0.682,1.439,,
B_broad_band3,INE1B3L01017,MB,boom,2025-09-17,Consumer Discretionary,401.0,19.19,29,0.138,0.628,,
B_broad_band3,INE198501012,MB,boom,2025-09-23,Consumer Discretionary,451.0,32.93,30,0.533,1.063,,
B_broad_band3,INE0SJA01013,MB,boom,2025-09-24,Industrials,149.0,23.02,21,0.571,1.026,,
B_broad_band3,INE056801025,MB,boom,2025-09-25,Information Technology,560.0,18.69,8,0.25,0.778,,
B_broad_band3,INE13B501022,MB,boom,2025-09-26,Industrials,900.0,24.35,28,0.357,0.898,,
B_broad_band3,INE1AG301022,MB,boom,2025-09-26,Industrials,464.0,19.37,34,0.265,0.795,,
B_broad_band3,INE652V01016,MB,boom,2025-09-29,Fast Moving Consumer Goods,409.0,33.2,7,0.571,1.245,,
B_broad_band3,INE0Z4F01028,MB,boom,2025-09-29,Industrials,688.0,45.42,32,0.906,1.723,,
B_broad_band3,INE0TY101024,MB,boom,2025-09-30,Industrials,490.0,32.8,37,0.73,1.344,,
B_broad_band3,INE00YJ01010,MB,boom,2025-09-30,Consumer Discretionary,450.0,34.9,31,0.548,1.112,,
B_broad_band3,INE04VU01023,MB,boom,2025-09-30,Financial Services,813.0,28.01,12,0.75,1.512,,
B_broad_band3,INE0MLS01022,MB,boom,2025-10-01,Industrials,504.0,26.49,37,0.568,1.06,,
B_broad_band3,INE965W01036,MB,boom,2025-10-01,Commodities,232.0,19.04,9,0.667,1.058,,
B_broad_band3,INE1FF001016,MB,boom,2025-10-03,Industrials,116.0,19.52,18,0.444,0.897,,
B_broad_band3,INE0MWH01014,MB,boom,2025-10-03,Fast Moving Consumer Goods,839.0,23.73,9,0.222,0.65,,
B_broad_band3,INE0HF201011,MB,boom,2025-10-07,Healthcare,230.0,13.36,6,0.0,0.598,,
B_broad_band3,INE0TQE01026,MB,boom,2025-10-07,Services,307.0,18.43,8,0.25,0.743,,
B_broad_band3,INE1B0W01010,MB,boom,2025-10-08,Commodities,193.0,17.54,10,0.4,0.954,,
B_broad_band3,INE506V01022,MB,boom,2025-10-16,Healthcare,1378.0,55.11,15,0.667,1.99,,
B_broad_band3,INE218I01013,MB,boom,2025-10-16,Financial Services,1326.0,27.71,15,0.667,1.439,,
B_broad_band3,INE01TY01017,MB,boom,2025-10-17,Financial Services,2518.0,88.33,12,1.0,3.615,,
B_broad_band3,INE0XAD01024,MB,boom,2025-10-24,Consumer Discretionary,451.0,27.03,32,0.312,0.841,,
B_broad_band3,INE16NZ01023,MB,boom,2025-11-06,Fast Moving Consumer Goods,1668.0,39.04,6,0.667,1.188,,
B_broad_band3,INE00Q601028,MB,boom,2025-11-07,Consumer Discretionary,455.0,33.05,32,0.562,1.067,,
B_broad_band3,INE0HOQ01053,MB,boom,2025-11-12,Financial Services,6632.0,30.3,7,0.429,0.864,,
B_broad_band3,INE1C6T01020,MB,boom,2025-11-18,Industrials,2900.0,35.0,12,0.75,1.391,,
B_broad_band3,INE19RI01016,MB,boom,2025-11-19,Consumer Discretionary,3600.0,28.98,14,0.071,0.573,,
B_broad_band3,INE12UR01024,MB,boom,2025-11-20,Industrials,828.0,40.71,33,0.788,1.536,,
B_broad_band3,INE0ILV01024,MB,boom,2025-11-21,Information Technology,878.0,303.68,9,1.0,12.33,,
B_broad_band3,INE606N01019,MB,boom,2025-11-26,Information Technology,500.0,34.29,10,0.7,1.427,,
B_broad_band3,INE0QPI01025,MB,boom,2025-11-28,Healthcare,895.0,46.33,13,0.769,1.763,,
B_broad_band3,INE14UN01029,MB,boom,2025-12-10,Industrials,300.0,20.0,39,0.333,0.822,,
B_broad_band3,INE02ZQ01018,MB,boom,2025-12-15,Healthcare,655.0,43.52,15,0.733,1.656,,
B_broad_band3,INE428V01029,MB,boom,2025-12-17,Healthcare,871.0,55.42,15,0.867,2.001,,
B_broad_band3,INE119201023,MB,boom,2025-12-17,Healthcare,920.0,28.93,15,0.533,1.045,,
B_broad_band3,INE346A01027,MB,boom,2025-12-19,Financial Services,10603.0,32.46,5,0.6,1.071,,
B_broad_band3,INE987S01020,MB,boom,2025-12-23,Industrials,626.0,32.0,36,0.667,1.21,,
B_broad_band3,INE0V0W01025,MB,boom,2025-12-30,Healthcare,251.0,60.0,9,0.889,2.471,,
B_broad_band3,INE0JWV01011,SME,boom,2023-05-11,Industrials,23.0,5.52,5,0.0,0.552,0.0411,-0.1764
B_broad_band3,INE0NR701018,SME,boom,2023-05-26,Industrials,18.0,6.21,6,0.167,0.67,0.7276,0.3683
B_broad_band3,INE0O3O01017,SME,boom,2023-08-31,Industrials,5.0,11.69,5,0.4,0.974,1.4145,
B_broad_band3,INE0Q1S01010,SME,boom,2023-10-11,Industrials,22.0,16.86,8,1.0,1.988,2.4642,
B_broad_band3,INE0RCG01017,SME,boom,2024-01-05,Industrials,16.0,3.46,8,0.0,0.373,0.3753,
B_broad_band3,INE0P0001010,SME,boom,2024-01-18,Industrials,28.0,2.66,9,0.0,0.316,2.1998,
B_broad_band3,INE0QZF01012,SME,boom,2024-02-07,Industrials,8.0,36.07,11,0.909,3.086,0.4103,
B_broad_band3,INE0QJL01014,SME,boom,2024-02-23,Consumer Discretionary,47.0,16.04,5,0.8,1.799,-0.4234,
B_broad_band3,INE0R9I01021,SME,boom,2024-03-22,Information Technology,16.0,70.0,6,1.0,5.378,2.0531,
B_broad_band3,INE0S3X01014,SME,boom,2024-03-22,Information Technology,22.0,25.95,6,0.833,2.455,1.152,
B_broad_band3,INE0SCB01016,SME,boom,2024-05-17,Information Technology,24.0,11.55,8,0.375,0.888,0.0358,
B_broad_band3,INE0YAL01017,SME,boom,2024-08-09,Consumer Discretionary,19.0,14.12,6,0.667,1.407,-0.3665,
B_broad_band3,INE0UL701015,SME,boom,2024-09-16,Industrials,17.0,6.8,11,0.364,0.796,1.2632,
B_broad_band3,INE0QX401014,SME,boom,2025-01-20,Industrials,39.0,8.96,11,0.727,1.225,-0.0928,
C_broad_noband,INE0AE001013,MB,boom,2023-09-05,Industrials,309.0,21.06,5,0.0,0.684,0.3646,
C_broad_noband,INE0N2P01017,MB,boom,2023-09-11,Industrials,491.0,74.75,6,0.833,2.616,-0.4132,
C_broad_noband,INE05CZ01011,MB,boom,2023-09-11,Industrials,165.0,10.54,6,0.0,0.369,0.1496,
C_broad_noband,INE777K01022,MB,boom,2023-09-20,Industrials,1964.0,37.5,8,0.625,1.312,0.1221,
C_broad_noband,INE0JR601024,MB,boom,2023-09-28,Consumer Discretionary,775.0,61.74,6,0.667,1.346,-0.3572,
C_broad_noband,INE0KNT01012,MB,boom,2023-10-03,Consumer Discretionary,270.0,10.44,7,0.0,0.195,-0.0648,
C_broad_noband,INE0INJ01017,MB,boom,2023-10-12,Industrials,71.0,77.14,9,0.889,2.504,-0.2318,
C_broad_noband,INE0LMW01024,MB,boom,2023-11-06,Consumer Discretionary,1900.0,41.81,8,0.5,0.911,-0.2097,
C_broad_noband,INE491J01022,MB,boom,2023-11-15,Consumer Discretionary,834.0,22.38,9,0.111,0.535,0.1442,
C_broad_noband,INE922K01024,MB,boom,2023-12-20,Financial Services,1200.0,14.01,5,0.2,0.61,0.1602,
C_broad_noband,INE616N01034,MB,boom,2023-12-21,Industrials,1459.0,26.51,10,0.4,0.776,0.0525,
C_broad_noband,INE843S01025,MB,boom,2023-12-26,Consumer Discretionary,400.0,16.51,10,0.1,0.412,0.6816,
C_broad_noband,INE0FRK01020,MB,boom,2023-12-26,Consumer Discretionary,151.0,137.5,10,1.0,3.434,1.4709,
C_broad_noband,INE220Q01020,MB,boom,2023-12-27,Consumer Discretionary,550.0,26.67,12,0.25,0.666,-0.5372,
C_broad_noband,INE0PEQ01016,MB,boom,2023-12-27,Consumer Discretionary,100.0,10.31,12,0.0,0.257,0.8496,
C_broad_noband,INE330T01021,MB,boom,2023-12-27,Industrials,1009.0,29.93,11,0.455,0.971,-0.1317,
C_broad_noband,INE02IJ01035,MB,boom,2023-12-28,Industrials,740.0,35.65,12,0.583,1.174,1.3876,
C_broad_noband,INE0DUT01020,MB,boom,2023-12-29,Healthcare,570.0,20.0,5,0.2,0.958,0.901,
C_broad_noband,INE980O01024,MB,boom,2024-01-16,Industrials,1000.0,23.81,13,0.231,0.773,1.6973,
C_broad_noband,INE456Z01021,MB,boom,2024-01-23,Financial Services,1172.0,32.4,6,0.833,1.59,0.1536,
C_broad_noband,INE0G5901015,MB,boom,2024-01-30,Consumer Discretionary,640.0,39.66,14,0.571,1.124,1.1475,
C_broad_noband,INE988S01028,MB,boom,2024-02-12,Consumer Discretionary,920.0,39.74,15,0.6,1.038,-0.2504,
C_broad_noband,INE0J1F01024,MB,boom,2024-02-14,Information Technology,600.0,9.84,5,0.0,0.4,-0.1323,
C_broad_noband,INE953L01027,MB,boom,2024-02-14,Financial Services,570.0,8.64,7,0.143,0.377,0.0385,
C_broad_noband,INE646H01017,MB,boom,2024-02-14,Financial Services,523.0,15.0,7,0.286,0.654,-0.3572,
C_broad_noband,INE0QTF01015,MB,boom,2024-02-20,Industrials,72.0,24.35,14,0.286,0.802,-0.6854,
C_broad_noband,INE696F01016,MB,boom,2024-02-28,Consumer Discretionary,1800.0,112.5,16,0.938,2.887,-0.4186,
C_broad_noband,INE486R01017,MB,boom,2024-02-29,Healthcare,525.0,30.49,6,1.0,1.477,-0.354,
C_broad_noband,INE0NQ801033,MB,boom,2024-03-12,Consumer Discretionary,424.0,77.84,17,0.882,1.963,-0.2365,
C_broad_noband,INE0L9R01028,MB,boom,2024-03-14,Fast Moving Consumer Goods,650.0,267.33,5,0.8,10.025,-0.2902,
C_broad_noband,INE0R6Z01013,MB,boom,2024-04-03,Industrials,130.0,8.75,15,0.0,0.292,0.4356,
C_broad_noband,INE0OAF01028,MB,boom,2024-04-30,Industrials,649.0,75.45,16,0.875,2.674,-0.569,
C_broad_noband,INE065X01017,MB,boom,2024-05-13,Healthcare,1842.0,26.28,7,0.857,1.259,-0.1105,
C_broad_noband,INE883F01010,MB,boom,2024-05-15,Financial Services,3000.0,14.72,9,0.333,0.826,0.2281,
C_broad_noband,INE673O01025,MB,boom,2024-05-15,Consumer Discretionary,1551.0,42.4,18,0.611,1.068,-0.2706,
C_broad_noband,INE03JT01014,MB,boom,2024-05-23,Financial Services,2615.0,57.87,10,0.9,3.527,-0.0243,
C_broad_noband,INE0HV901016,MB,boom,2024-06-18,Consumer Discretionary,740.0,58.12,19,0.684,1.462,0.0353,
C_broad_noband,INE841L01016,MB,boom,2024-06-26,Industrials,418.0,30.3,17,0.529,1.012,-0.1365,
C_broad_noband,INE916Y01027,MB,boom,2024-06-26,Financial Services,132.0,14.46,11,0.273,0.812,-0.5087,
C_broad_noband,INE01A001028,MB,boom,2024-06-28,Consumer Discretionary,537.0,70.96,20,0.8,1.74,-0.331,
C_broad_noband,INE552Z01027,MB,boom,2024-07-02,Fast Moving Consumer Goods,1500.0,39.03,6,0.5,0.449,0.2797,
C_broad_noband,INE168P01015,MB,boom,2024-07-10,Healthcare,1952.0,27.69,8,0.875,1.295,-0.0984,
C_broad_noband,INE0B9K01025,MB,boom,2024-07-10,Industrials,745.0,26.39,18,0.389,0.876,0.0759,
C_broad_noband,INE08NE01025,MB,boom,2024-07-26,Fast Moving Consumer Goods,510.0,36.54,7,0.429,0.936,-0.2139,
C_broad_noband,INE09XN01023,MB,boom,2024-08-06,Healthcare,1857.0,30.04,9,0.889,1.371,-0.4126,
C_broad_noband,INE0AG901020,MB,boom,2024-08-08,Industrials,1253.0,23.59,19,0.211,0.788,-0.3436,
C_broad_noband,INE00U401027,MB,boom,2024-08-13,Information Technology,277.0,67.5,6,1.0,2.809,-0.4028,
C_broad_noband,INE0PQ101010,MB,boom,2024-08-20,Consumer Discretionary,160.0,20.78,21,0.143,0.497,-0.5507,
C_broad_noband,INE00M901018,MB,boom,2024-08-26,Industrials,600.0,13.14,20,0.1,0.466,0.76,
C_broad_noband,INE0PPK01015,MB,boom,2024-08-28,Information Technology,215.0,15.97,7,0.143,0.648,0.0242,
C_broad_noband,INE0BS701011,MB,boom,2024-09-03,Industrials,2830.0,21.03,21,0.143,0.793,0.2428,
C_broad_noband,INE01FR01028,MB,boom,2024-09-06,Consumer Discretionary,835.0,194.5,22,1.0,4.77,-0.1293,
C_broad_noband,INE0RE001014,MB,boom,2024-09-09,Industrials,168.0,22.8,22,0.273,0.862,0.0954,
C_broad_noband,INE0S2G01011,MB,boom,2024-09-12,Industrials,170.0,24.41,23,0.435,0.925,-0.4427,
C_broad_noband,INE0O6601022,MB,boom,2024-09-16,Consumer Discretionary,500.0,30.0,23,0.261,0.718,-0.1119,
C_broad_noband,INE377Y01014,MB,boom,2024-09-16,Financial Services,6560.0,25.93,12,0.75,1.58,-0.2918,
C_broad_noband,INE0RWQ01014,MB,boom,2024-09-16,Consumer Discretionary,230.0,20.73,23,0.13,0.496,-0.175,
C_broad_noband,INE953R01016,MB,boom,2024-09-17,Consumer Discretionary,1100.0,28.07,25,0.28,0.706,-0.1954,
C_broad_noband,INE850M01015,MB,boom,2024-09-24,Financial Services,777.0,13.08,13,0.154,0.735,-0.1144,
C_broad_noband,INE0CJF01024,MB,boom,2024-09-24,Services,493.0,23.89,5,0.6,1.409,-0.094,
C_broad_noband,INE939X01013,MB,boom,2024-09-30,Financial Services,151.0,16.0,14,0.5,0.975,-0.0773,
C_broad_noband,INE0Q3J01015,MB,boom,2024-10-03,Industrials,342.0,22.45,24,0.25,0.851,0.7448,
C_broad_noband,INE184O01015,MB,boom,2024-10-04,Industrials,158.0,17.5,25,0.12,0.664,0.8129,
C_broad_noband,INE0JVO01026,MB,boom,2024-10-15,Industrials,264.0,15.83,26,0.115,0.624,0.7722,
C_broad_noband,INE0V6F01027,MB,boom,2024-10-22,Consumer Discretionary,27859.0,28.24,26,0.308,0.711,0.2306,
C_broad_noband,INE0OPA01019,MB,boom,2024-10-28,Industrials,260.0,14.5,27,0.111,0.594,-0.1091,
C_broad_noband,INE377N01017,MB,boom,2024-10-28,Industrials,4321.0,22.04,27,0.259,0.903,0.425,
C_broad_noband,INE101I01011,MB,boom,2024-11-04,Industrials,5430.0,35.08,29,0.759,1.44,-0.1285,
C_broad_noband,INE0W2G01015,MB,boom,2024-11-12,Information Technology,2106.0,25.0,8,0.625,1.04,0.6782,
C_broad_noband,INE995S01015,MB,boom,2024-11-14,Financial Services,2200.0,61.67,15,0.933,3.854,-0.0666,
C_broad_noband,INE877V01027,MB,boom,2024-12-06,Healthcare,846.0,73.5,10,1.0,3.14,-0.3883,
C_broad_noband,INE570L01029,MB,boom,2024-12-18,Healthcare,3043.0,62.39,11,0.909,2.504,0.0795,
C_broad_noband,INE01EA01019,MB,boom,2024-12-18,Consumer Discretionary,8000.0,55.71,27,0.667,1.405,0.1227,
C_broad_noband,INE115Q01022,MB,boom,2024-12-19,Information Technology,2498.0,45.51,9,0.889,1.848,-0.2194,
C_broad_noband,INE0JPD01013,MB,boom,2024-12-27,Consumer Discretionary,550.0,15.07,28,0.071,0.38,0.0247,
C_broad_noband,INE0TO701015,MB,boom,2024-12-27,Industrials,179.0,14.64,30,0.133,0.6,-0.4253,
C_broad_noband,INE284H01025,MB,boom,2024-12-27,Financial Services,840.0,19.25,16,0.562,1.139,-0.5848,
C_broad_noband,INE454P01035,MB,boom,2024-12-27,Industrials,839.0,16.81,30,0.167,0.689,-0.013,
C_broad_noband,INE0V7W01012,MB,boom,2024-12-30,Consumer Discretionary,1250.0,45.42,29,0.621,1.145,-0.2647,
C_broad_noband,INE0RB801010,MB,boom,2024-12-30,Healthcare,582.0,24.29,12,0.417,0.949,0.3815,
C_broad_noband,INE781S01027,MB,boom,2024-12-30,Consumer Discretionary,1600.0,94.56,29,0.897,2.385,-0.047,
C_broad_noband,INE0U3I01011,MB,boom,2024-12-31,Industrials,500.0,44.6,32,0.844,1.852,-0.4453,
C_broad_noband,INE622H01018,MB,boom,2025-01-07,Industrials,260.0,37.72,33,0.818,1.549,-0.3624,
C_broad_noband,INE0M4D01010,MB,boom,2025-01-13,Industrials,410.0,40.0,34,0.824,1.64,-0.2671,
C_broad_noband,INE0WO601020,MB,boom,2025-01-20,Healthcare,698.0,70.16,13,0.923,2.816,-0.6623,
C_broad_noband,INE0RYC01010,MB,boom,2025-01-23,Commodities,199.0,18.0,5,0.6,1.243,0.4872,
C_broad_noband,INE0R4L01018,MB,boom,2025-01-29,Utilities,221.0,11.4,5,0.2,0.444,-0.3301,
C_broad_noband,INE943P01029,MB,boom,2025-02-04,Healthcare,3027.0,143.57,14,1.0,5.609,0.0355,
C_broad_noband,INE274Y01021,MB,boom,2025-02-17,Industrials,1269.0,27.71,35,0.6,1.135,-0.3034,
C_broad_noband,INE0SII01026,MB,boom,2025-02-24,Industrials,859.0,46.7,36,0.889,1.84,1.1533,
C_broad_noband,INE16SF01016,MB,boom,2025-05-27,Consumer Discretionary,145.0,10.75,31,0.065,0.27,0.3457,
C_broad_noband,INE894V01022,MB,boom,2025-05-28,Consumer Discretionary,2150.0,16.36,32,0.125,0.412,1.2734,
C_broad_noband,INE0AQ201015,MB,boom,2025-06-02,Consumer Discretionary,3500.0,217.5,33,1.0,5.485,-0.0126,
C_broad_noband,INE0BX301013,MB,boom,2025-06-03,Industrials,168.0,15.22,37,0.135,0.578,0.1352,
C_broad_noband,INE0BYP01024,MB,boom,2025-06-20,Industrials,1387.0,21.77,38,0.289,0.858,,
C_broad_noband,INE0H9P01028,MB,boom,2025-06-25,Commodities,500.0,555.0,6,1.0,34.18,,
C_broad_noband,INE227J01012,MB,boom,2025-07-01,Consumer Discretionary,1590.0,276.0,34,1.0,6.952,,
C_broad_noband,INE236E01022,MB,boom,2025-07-01,Commodities,853.0,62.5,7,0.857,3.472,,
C_broad_noband,INE0V3U01015,MB,boom,2025-07-01,Industrials,119.0,12.91,39,0.051,0.529,,
C_broad_noband,INE756I01012,MB,boom,2025-07-02,Financial Services,12500.0,27.01,17,0.765,1.516,,
C_broad_noband,INE12NJ01018,MB,boom,2025-07-02,Industrials,540.0,34.17,40,0.7,1.401,,
C_broad_noband,INE05J901018,MB,boom,2025-07-03,Commodities,200.0,17.08,8,0.375,0.928,,
C_broad_noband,INE0S4R01014,MB,boom,2025-07-09,Consumer Discretionary,860.0,28.16,35,0.314,0.709,,
C_broad_noband,INE103V01028,MB,boom,2025-07-14,Consumer Discretionary,2000.0,39.86,36,0.528,1.004,,
C_broad_noband,INE0CZ201020,MB,boom,2025-07-21,Healthcare,3395.0,70.37,15,0.867,2.678,,
C_broad_noband,INE18JU01028,MB,boom,2025-07-30,Information Technology,460.0,33.38,10,0.7,1.345,,
C_broad_noband,INE03NU01014,MB,boom,2025-07-31,Consumer Discretionary,760.0,128.57,37,0.892,3.235,,
C_broad_noband,INE06ZD01017,MB,boom,2025-08-01,Consumer Discretionary,360.0,19.32,38,0.158,0.485,,
C_broad_noband,INE06WU01026,MB,boom,2025-08-05,Financial Services,254.0,17.95,18,0.5,0.969,,
C_broad_noband,INE819V01029,MB,boom,2025-08-05,Industrials,1300.0,20.45,41,0.244,0.838,,
C_broad_noband,INE301O01023,MB,boom,2025-08-06,Financial Services,4011.0,46.51,19,0.842,2.591,,
C_broad_noband,INE08N601015,MB,boom,2025-08-06,Industrials,650.0,25.0,42,0.524,1.025,,
C_broad_noband,INE0V9Q01010,MB,boom,2025-08-06,Consumer Discretionary,792.0,27.27,39,0.282,0.686,,
C_broad_noband,INE00RL01028,MB,boom,2025-08-12,Services,130.0,20.59,6,0.5,1.008,,
C_broad_noband,INE0GV601021,MB,boom,2025-08-14,Consumer Discretionary,401.0,30.56,40,0.4,0.77,,
C_broad_noband,INE0MHO01029,MB,boom,2025-08-20,Fast Moving Consumer Goods,306.0,16.72,8,0.0,0.443,,
C_broad_noband,INE0R8B01010,MB,boom,2025-08-26,Consumer Discretionary,243.0,24.76,41,0.244,0.624,,
C_broad_noband,INE078V01014,MB,boom,2025-08-26,Industrials,2079.0,72.17,43,0.907,2.957,,
C_broad_noband,INE06XZ01023,MB,boom,2025-08-26,Commodities,451.0,28.51,9,0.778,1.584,,
C_broad_noband,INE1B6101010,MB,boom,2025-08-26,Services,411.0,25.71,7,0.714,1.249,,
C_broad_noband,INE0PKD01011,MB,boom,2025-08-28,Industrials,400.0,24.29,44,0.455,0.983,,
C_broad_noband,INE01R501028,MB,boom,2025-09-03,Industrials,772.0,12.76,45,0.044,0.523,,
C_broad_noband,INE0Y8W01025,MB,boom,2025-09-03,Healthcare,121.0,14.22,16,0.0,0.527,,
C_broad_noband,INE084K01015,MB,boom,2025-09-09,Healthcare,126.0,34.05,17,0.706,1.296,,
C_broad_noband,INE0VOV01021,MB,boom,2025-09-17,Services,143.0,203.33,8,1.0,9.143,,
C_broad_noband,INE0CAZ01013,MB,boom,2025-09-17,Consumer Discretionary,1900.0,60.59,42,0.714,1.555,,
C_broad_noband,INE1B3L01017,MB,boom,2025-09-17,Consumer Discretionary,401.0,19.19,42,0.143,0.492,,
C_broad_noband,INE198501012,MB,boom,2025-09-23,Consumer Discretionary,451.0,32.93,44,0.477,0.845,,
C_broad_noband,INE0SJA01013,MB,boom,2025-09-24,Industrials,149.0,23.02,46,0.413,0.944,,
C_broad_noband,INE056801025,MB,boom,2025-09-25,Information Technology,560.0,18.69,11,0.182,0.748,,
C_broad_noband,INE13B501022,MB,boom,2025-09-26,Industrials,900.0,24.35,47,0.489,1.0,,
C_broad_noband,INE1AG301022,MB,boom,2025-09-26,Industrials,464.0,19.37,47,0.234,0.795,,
C_broad_noband,INE652V01016,MB,boom,2025-09-29,Fast Moving Consumer Goods,409.0,33.2,9,0.444,0.909,,
C_broad_noband,INE0Z4F01028,MB,boom,2025-09-29,Industrials,688.0,45.42,49,0.878,1.866,,
C_broad_noband,INE0TY101024,MB,boom,2025-09-30,Industrials,490.0,32.8,50,0.7,1.347,,
C_broad_noband,INE00YJ01010,MB,boom,2025-09-30,Consumer Discretionary,450.0,34.9,45,0.489,0.912,,
C_broad_noband,INE04VU01023,MB,boom,2025-09-30,Financial Services,813.0,28.01,20,0.75,1.506,,
C_broad_noband,INE0MLS01022,MB,boom,2025-10-01,Industrials,504.0,26.49,51,0.588,1.088,,
C_broad_noband,INE0YD401026,MB,boom,2025-10-01,Commodities,1250.0,32.22,10,0.8,1.752,,
C_broad_noband,INE965W01036,MB,boom,2025-10-01,Commodities,232.0,19.04,10,0.6,1.035,,
C_broad_noband,INE1FF001016,MB,boom,2025-10-03,Industrials,116.0,19.52,52,0.231,0.8,,
C_broad_noband,INE0MWH01014,MB,boom,2025-10-03,Fast Moving Consumer Goods,839.0,23.73,10,0.3,0.681,,
C_broad_noband,INE0HF201011,MB,boom,2025-10-07,Healthcare,230.0,13.36,18,0.0,0.495,,
C_broad_noband,INE0TQE01026,MB,boom,2025-10-07,Services,307.0,18.43,9,0.333,0.771,,
C_broad_noband,INE1BZC01019,MB,boom,2025-10-08,Services,122.0,19.57,10,0.4,0.88,,
C_broad_noband,INE1B0W01010,MB,boom,2025-10-08,Commodities,193.0,17.54,12,0.333,0.928,,
C_broad_noband,INE085001019,MB,boom,2025-10-10,Services,3000.0,65.45,11,0.909,3.179,,
C_broad_noband,INE976I01016,MB,boom,2025-10-13,Financial Services,15512.0,35.05,21,0.81,1.821,,
C_broad_noband,INE324D01010,MB,boom,2025-10-14,Consumer Discretionary,11607.0,35.08,46,0.5,0.959,,
C_broad_noband,INE506V01022,MB,boom,2025-10-16,Healthcare,1378.0,55.11,19,0.737,2.097,,
C_broad_noband,INE218I01013,MB,boom,2025-10-16,Financial Services,1326.0,27.71,22,0.682,1.313,,
C_broad_noband,INE01TY01017,MB,boom,2025-10-17,Financial Services,2518.0,88.33,23,0.957,3.849,,
C_broad_noband,INE0XAD01024,MB,boom,2025-10-24,Consumer Discretionary,451.0,27.03,47,0.277,0.771,,
C_broad_noband,INE16NZ01023,MB,boom,2025-11-06,Fast Moving Consumer Goods,1668.0,39.04,11,0.727,1.176,,
C_broad_noband,INE00Q601028,MB,boom,2025-11-07,Consumer Discretionary,455.0,33.05,48,0.479,0.945,,
C_broad_noband,INE956O01016,MB,boom,2025-11-10,Consumer Discretionary,7278.0,223.33,49,0.98,6.399,,
C_broad_noband,INE0HOQ01053,MB,boom,2025-11-12,Financial Services,6632.0,30.3,24,0.708,1.305,,
C_broad_noband,INE1C6T01020,MB,boom,2025-11-18,Industrials,2900.0,35.0,53,0.736,1.437,,
C_broad_noband,INE19RI01016,MB,boom,2025-11-19,Consumer Discretionary,3600.0,28.98,50,0.36,0.828,,
C_broad_noband,INE12UR01024,MB,boom,2025-11-20,Industrials,828.0,40.71,54,0.833,1.67,,
C_broad_noband,INE0ILV01024,MB,boom,2025-11-21,Information Technology,878.0,303.68,12,1.0,12.238,,
C_broad_noband,INE606N01019,MB,boom,2025-11-26,Information Technology,500.0,34.29,13,0.692,1.371,,
C_broad_noband,INE0QPI01025,MB,boom,2025-11-28,Healthcare,895.0,46.33,20,0.7,1.717,,
C_broad_noband,INE14UN01029,MB,boom,2025-12-10,Industrials,300.0,20.0,55,0.236,0.819,,
C_broad_noband,INE02ZQ01018,MB,boom,2025-12-15,Healthcare,655.0,43.52,21,0.667,1.572,,
C_broad_noband,INE428V01029,MB,boom,2025-12-17,Healthcare,871.0,55.42,22,0.773,1.92,,
C_broad_noband,INE119201023,MB,boom,2025-12-17,Healthcare,920.0,28.93,22,0.5,1.002,,
C_broad_noband,INE346A01027,MB,boom,2025-12-19,Financial Services,10603.0,32.46,25,0.76,1.381,,
C_broad_noband,INE987S01020,MB,boom,2025-12-23,Industrials,626.0,32.0,56,0.679,1.312,,
C_broad_noband,INE0V0W01025,MB,boom,2025-12-30,Healthcare,251.0,60.0,24,0.792,2.035,,
C_broad_noband,INE0O1M01015,SME,boom,2023-03-24,Industrials,5.0,12.0,5,0.6,1.2,-0.2472,-0.8695
C_broad_noband,INE0LKQ01012,SME,boom,2023-03-29,Industrials,7.0,46.67,6,1.0,4.242,-0.3487,-0.4303
C_broad_noband,INE0O1T01010,SME,boom,2023-04-06,Industrials,24.0,14.65,7,0.857,1.221,0.408,-0.046
C_broad_noband,INE0JWV01011,SME,boom,2023-05-11,Industrials,23.0,5.52,8,0.0,0.445,0.0411,-0.1764
C_broad_noband,INE0NR701018,SME,boom,2023-05-26,Industrials,18.0,6.21,9,0.111,0.517,0.7276,0.3683
C_broad_noband,INE0ORA01015,SME,boom,2023-06-30,Industrials,57.0,8.42,10,0.3,0.765,5.2524,
C_broad_noband,INE0O3O01017,SME,boom,2023-08-31,Industrials,5.0,11.69,11,0.545,1.169,1.4145,
C_broad_noband,INE0Q1S01010,SME,boom,2023-10-11,Industrials,22.0,16.86,12,0.917,1.555,2.4642,
C_broad_noband,INE0QD201012,SME,boom,2023-12-29,Information Technology,16.0,5.22,5,0.0,0.451,12.1546,
C_broad_noband,INE0RCG01017,SME,boom,2024-01-05,Industrials,16.0,3.46,13,0.0,0.296,0.3753,
C_broad_noband,INE0P0001010,SME,boom,2024-01-18,Industrials,28.0,2.66,14,0.0,0.245,2.1998,
C_broad_noband,INE0SK801018,SME,boom,2024-02-02,Information Technology,46.0,14.44,6,0.667,1.366,-0.4488,
C_broad_noband,INE0R5Z01015,SME,boom,2024-02-05,Fast Moving Consumer Goods,19.0,11.61,5,0.6,1.808,1.0426,
C_broad_noband,INE0QZF01012,SME,boom,2024-02-07,Industrials,8.0,36.07,15,0.933,3.607,0.4103,
C_broad_noband,INE0QJL01014,SME,boom,2024-02-23,Consumer Discretionary,47.0,16.04,5,0.8,1.799,-0.4234,
C_broad_noband,INE0QQG01019,SME,boom,2024-03-19,Healthcare,10.0,5.27,5,0.0,0.432,0.5367,
C_broad_noband,INE0R9I01021,SME,boom,2024-03-22,Information Technology,16.0,70.0,7,1.0,6.037,2.0531,
C_broad_noband,INE0S3X01014,SME,boom,2024-03-22,Information Technology,22.0,25.95,7,0.714,2.238,1.152,
C_broad_noband,INE0CFG01012,SME,boom,2024-05-17,Services,40.0,9.44,5,0.6,1.119,-0.0184,
C_broad_noband,INE0SCB01016,SME,boom,2024-05-17,Information Technology,24.0,11.55,9,0.333,0.8,0.0358,
C_broad_noband,INE998U01015,SME,boom,2024-07-02,Commodities,113.0,45.0,5,0.8,1.565,-0.4777,
C_broad_noband,INE0OXV01027,SME,boom,2024-07-23,Consumer Discretionary,116.0,25.65,6,1.0,2.557,-0.5319,
C_broad_noband,INE0YAL01017,SME,boom,2024-08-09,Consumer Discretionary,19.0,14.12,7,0.571,1.267,-0.3665,
C_broad_noband,INE0UL701015,SME,boom,2024-09-16,Industrials,17.0,6.8,16,0.25,0.627,1.2632,
C_broad_noband,INE0RBQ01018,SME,boom,2024-10-04,Industrials,186.0,217.69,17,1.0,21.769,-0.4365,
C_broad_noband,INE0QX401014,SME,boom,2025-01-20,Industrials,39.0,8.96,18,0.444,0.826,-0.0928,
