isin,name,type,sector,listing_date,lead_manager,gmp_pct,sub_total_x,issue_size_cr,call,score,quintile,n_flags,flags,allottee_ret,secondary_ret,alpha,max_dd,outcome_class,error_class,regret_or_loss_rs
INE0H9P01028,Arisinfra Solutions Ltd.,MB,Commodities,2025-06-25,JM Financial,13.5,2.6,500.0,APPLY,45.0,5,0,-,-0.487,-0.1005,-0.093,-0.5248,loser,FALSE_POS,-48698.0
INE0BYP01024,Oswal Pumps Ltd.,MB,Industrials,2025-06-20,IIFL Capital,5.4,34.4,1387.0,APPLY,63.8,5,0,-,-0.3278,0.2663,0.2577,-0.6683,loser,FALSE_POS,-32785.0
INE1GYP01013,Aakaar Medical Technologies Ltd.,SME,,2025-06-27,Indorient Financial,,0.0,27.0,NEUTRAL,54.2,4,1,obscure lead manager,-0.0167,0.193,0.2313,-0.5264,flat,TRUE_NEG,
INE17D601016,Safe Enterprises Retail Fixtures Ltd.,SME,Consumer Discretionary,2025-06-27,Hem Securities,17.4,14.7,170.0,APPLY,77.6,5,0,-,0.9391,0.222,0.2604,-0.3542,winner,TRUE_POS,
INE0ZTO01018,Mayasheel Ventures Ltd.,SME,,2025-06-27,Narnolia Financial,10.6,0.0,27.0,NEUTRAL,53.3,4,0,-,0.1053,-0.046,-0.0076,-0.4684,flat,TRUE_NEG,
INE0MYZ01012,Influx Healthtech Ltd.,SME,,2025-06-25,Rarever Financial,16.7,0.0,59.0,NEUTRAL,66.7,5,1,obscure lead manager,1.4896,0.4667,0.4742,-0.2165,multibagger,FALSE_NEG,148958.0
INE11HF01010,Eppeltone Engineers Ltd.,SME,,2025-06-24,Expert Global,23.4,0.0,44.0,APPLY,56.8,5,0,-,-0.2195,-0.2054,-0.2104,-0.6256,loser,FALSE_POS,-21953.0
INE17GV01016,Patil Automation Ltd.,SME,,2025-06-23,Seren Capital,19.2,0.0,70.0,NEUTRAL,48.0,3,1,obscure lead manager,0.5833,0.2771,0.2679,-0.5156,winner,FALSE_NEG,58333.0
INE124101010,Samay Project Services Ltd.,SME,,2025-06-23,Smart Horizon Capital,,0.0,15.0,NEUTRAL,62.6,5,1,obscure lead manager,0.2426,-0.0597,-0.069,-0.4351,winner,FALSE_NEG,24265.0
INE0XCV01014,Aten Papers & Foam Ltd.,SME,,2025-06-20,Swastika Investmart,4.2,0.0,32.0,NEUTRAL,49.5,4,0,-,-0.7458,-0.6223,-0.6309,-0.8312,loser,TRUE_NEG,
INE1DV401010,Monolithisch India Ltd.,SME,,2025-06-19,Hem Securities,11.9,0.0,82.0,APPLY,65.8,5,0,-,3.4836,0.9142,0.8888,-0.3546,multibagger,TRUE_POS,
INE0XIL01012,Jainik Power Cables Ltd.,SME,,2025-06-17,Novus Capital,6.4,1.5,51.0,NEUTRAL,49.8,4,0,-,0.2109,0.7604,0.7449,-0.3077,winner,FALSE_NEG,21091.0
INE1ARD01016,Sacheerome Ltd.,SME,,2025-06-16,GYR Capital,21.6,312.9,62.0,APPLY,59.3,5,0,-,2.1667,0.4865,0.4815,-0.3875,multibagger,TRUE_POS,
INE0ZI101018,Ganga Bath Fittings Ltd.,SME,Consumer Discretionary,2025-06-11,Jawa Capital,2.0,1.6,33.0,NEUTRAL,43.8,2,1,obscure lead manager,-0.5469,-0.5424,-0.5357,-0.7181,loser,TRUE_NEG,
INE03NU01014,Brigade Hotel Ventures Ltd.,MB,Consumer Discretionary,2025-07-31,JM Financial,6.7,4.5,760.0,APPLY,52.1,5,0,-,-0.3073,-0.0216,-0.0664,-0.3873,loser,FALSE_POS,-30733.0
INE06ST01018,Indiqube Spaces Ltd.,MB,Services,2025-07-30,ICICI Securities,17.3,12.4,700.0,NEUTRAL,42.3,4,1,loss-making at IPO,-0.3289,-0.0251,-0.0733,-0.4387,loser,TRUE_NEG,
INE18JU01028,GNG Electronics Ltd.,MB,Information Technology,2025-07-30,Motilal Oswal Investment,16.9,147.9,460.0,NEUTRAL,41.2,4,1,obscure lead manager,0.7745,-0.031,-0.0792,-0.3793,winner,FALSE_NEG,77447.0
INE0CZ201020,Anthem Biosciences Ltd.,MB,Healthcare,2025-07-21,JM Financial,13.2,63.9,3395.0,APPLY,68.1,5,0,-,0.336,-0.0044,-0.0344,-0.3147,winner,TRUE_POS,
INE0NAZ01010,Smartworks Coworking Spaces Ltd.,MB,Services,2025-07-17,JM Financial,6.1,13.5,583.0,NEUTRAL,44.3,5,1,loss-making at IPO,0.1133,0.2224,0.2036,-0.3861,flat,TRUE_NEG,
INE103V01028,Travel Food Services Ltd.,MB,Consumer Discretionary,2025-07-14,Kotak Mahindra Capital,8.6,2.9,2000.0,APPLY,66.2,5,0,-,0.1671,0.2647,0.2589,-0.2485,flat,—,
INE0S4R01014,Crizac Ltd.,MB,Consumer Discretionary,2025-07-09,Equirus Capital,16.7,59.8,860.0,APPLY,66.4,5,0,-,-0.125,-0.0687,-0.0518,-0.5273,flat,FALSE_POS,-12498.0
INE05J901018,Indogulf Cropsciences Ltd.,MB,Commodities,2025-07-03,Systematix Corporate,10.8,26.0,200.0,NEUTRAL,40.8,4,1,obscure lead manager,-0.4907,-0.0672,-0.0448,-0.5444,loser,TRUE_NEG,
INE12NJ01018,Sambhv Steel Tubes Ltd.,MB,Industrials,2025-07-02,Nuvama Wealth Management,15.8,28.5,540.0,NEUTRAL,55.5,5,1,obscure lead manager,0.2891,0.1571,0.1813,-0.4109,winner,FALSE_NEG,28915.0
INE756I01012,HDB Financial Services Ltd.,MB,Financial Services,2025-07-02,BNP Paribas,10.1,16.7,12500.0,NEUTRAL,56.1,5,1,obscure lead manager,-0.1325,-0.0849,-0.0607,-0.3519,flat,TRUE_NEG,
INE0V3U01015,Globe Civil Projects Ltd.,MB,Industrials,2025-07-01,Mefcom Capital,7.0,86.0,119.0,NEUTRAL,33.6,3,1,obscure lead manager,-0.4394,-0.2755,-0.239,-0.6415,loser,TRUE_NEG,
INE236E01022,Ellenbarrie Industrial Gases Ltd.,MB,Commodities,2025-07-01,Motilal Oswal Investment,3.2,22.2,853.0,NEUTRAL,47.0,5,1,obscure lead manager,-0.326,-0.1214,-0.085,-0.7057,loser,TRUE_NEG,
INE227J01012,Kalpataru Ltd.,MB,Consumer Discretionary,2025-07-01,ICICI Securities,2.4,2.3,1590.0,APPLY,53.7,5,0,-,-0.2367,-0.1369,-0.1004,-0.402,loser,FALSE_POS,-23672.0
INE0FMZ01045,Shree Refrigerations Ltd.,SME,,2025-07-31,Narnolia Financial,64.0,174.2,117.0,NEUTRAL,52.8,4,0,-,1.4068,0.3669,0.3221,-0.4245,multibagger,FALSE_NEG,140680.0
INE16VK01010,TSC India Ltd.,SME,,2025-07-30,Expert Global,14.3,0.0,26.0,APPLY,57.3,5,0,-,-0.6,-0.1632,-0.2114,-0.6195,loser,FALSE_POS,-60000.0
INE0V0L01028,Monarch Surveyors & Engineering Consultants Ltd.,SME,,2025-07-29,Beeline Capital,84.0,231.4,94.0,APPLY,59.0,5,0,-,-0.094,-0.3846,-0.4295,-0.5805,flat,FALSE_POS,-9400.0
INE0PTF01017,Swastika Castal Ltd.,SME,,2025-07-28,Horizon Management,15.4,0.0,14.0,APPLY,69.3,5,0,-,-0.3154,0.3245,0.2724,-0.5618,loser,FALSE_POS,-31539.0
INE0UCN01017,Savy Infra & Logistics Ltd.,SME,,2025-07-28,Unistone Capital,20.0,0.0,70.0,APPLY,62.0,5,0,-,0.175,-0.0541,-0.1062,-0.3352,flat,—,
INE0LCG01010,Monika Alcobev Ltd.,SME,,2025-07-23,Marwadi Chandarana Intermediaries,3.5,3.8,166.0,NEUTRAL,57.1,5,1,obscure lead manager,-0.1935,0.0266,0.0008,-0.3309,flat,TRUE_NEG,
INE19QH01010,Spunweb Nonwoven Ltd.,SME,,2025-07-21,Vivro Financial,16.7,0.0,61.0,NEUTRAL,53.3,4,1,obscure lead manager,0.1562,-0.1097,-0.1397,-0.5161,flat,TRUE_NEG,
INE0SJX01015,Asston Pharmaceuticals Ltd.,SME,,2025-07-16,Sobhagya Capital,8.1,173.5,28.0,NEUTRAL,62.8,5,1,obscure lead manager,-0.4418,-0.2645,-0.2689,-0.4543,loser,TRUE_NEG,
INE0UMC01019,GLEN Industries Ltd.,SME,,2025-07-15,GYR Capital,18.6,242.3,63.0,NEUTRAL,51.7,4,0,-,-0.282,-0.43,-0.428,-0.6093,loser,TRUE_NEG,
INE14GK01016,Smarten Power Systems Ltd.,SME,,2025-07-14,Arihant Capital,9.0,0.0,50.0,NEUTRAL,48.7,3,1,obscure lead manager,-0.5505,-0.4163,-0.4221,-0.716,loser,TRUE_NEG,
INE0VWL01017,Chemkart India Ltd.,SME,,2025-07-14,Smart Horizon Capital,1.2,5.6,80.0,NEUTRAL,74.4,5,1,obscure lead manager,-0.4556,-0.1638,-0.1696,-0.6622,loser,TRUE_NEG,
INE162901016,Meta Infotech Ltd.,SME,,2025-07-11,Hem Securities,24.8,155.3,80.0,APPLY,82.5,5,0,-,-0.5776,-0.3623,-0.3677,-0.7834,loser,FALSE_POS,-57764.0
INE0TLP01015,Happy Square Outsourcing Services Ltd.,SME,,2025-07-10,Corpwis,6.6,0.0,24.0,NEUTRAL,48.2,3,1,obscure lead manager,-0.5303,-0.1218,-0.115,-0.6402,loser,TRUE_NEG,
INE0TL001013,Cryogenic OGS Ltd.,SME,,2025-07-10,Beeline Capital,42.5,646.5,18.0,APPLY,64.9,5,0,-,3.9149,0.7257,0.7325,-0.3051,multibagger,TRUE_POS,
INE0RDJ01019,Vandan Foods Ltd.,SME,,2025-07-07,Nirbhay Capital,,0.0,30.0,NEUTRAL,49.6,4,1,obscure lead manager,-0.7217,-0.6217,-0.6067,-0.7456,loser,TRUE_NEG,
INE0TBQ01014,Marc Loire Fashions Ltd.,SME,,2025-07-07,Finshore Management,4.0,0.0,21.0,APPLY,72.1,5,0,-,-0.6062,-0.2686,-0.2535,-0.5195,loser,FALSE_POS,-60620.0
INE11J101017,Cedaar Textile Ltd.,SME,,2025-07-07,Novus Capital,7.1,0.0,61.0,APPLY,55.5,5,0,-,-0.8282,-0.2481,-0.2331,-0.8567,loser,FALSE_POS,-82821.0
INE154801018,Pushpa Jewellers Ltd.,SME,,2025-07-07,Affinity Global,19.1,0.0,99.0,NEUTRAL,61.5,5,1,obscure lead manager,-0.1837,0.1901,0.2051,-0.4184,flat,TRUE_NEG,
INE0SN801015,Silky Overseas Ltd.,SME,,2025-07-07,Gretex Corporate,9.9,0.0,31.0,APPLY,54.8,5,0,-,-0.2522,-0.2859,-0.2709,-0.3398,loser,FALSE_POS,-25217.0
INE0UZO01024,Neetu Yoshi Ltd.,SME,,2025-07-04,Horizon Management,18.7,119.2,77.0,APPLY,69.7,5,0,-,0.9773,0.2041,0.2263,-0.5094,winner,TRUE_POS,
INE0W1601012,Adcounty Media India Ltd.,SME,,2025-07-04,Narnolia Financial,38.8,251.7,51.0,APPLY,74.9,5,0,-,0.2312,0.7956,0.8179,-0.6424,winner,TRUE_POS,
INE0XM301010,Moving Media Entertainment Ltd.,SME,,2025-07-03,Gretex Corporate,7.1,0.0,43.0,NEUTRAL,51.3,4,0,-,-0.5007,-0.1066,-0.0842,-0.7304,loser,TRUE_NEG,
INE130701019,Valencia India Ltd.,SME,,2025-07-03,Interactive Financial,19.1,1.3,49.0,NEUTRAL,59.4,5,1,tiny pre-IPO sales,-0.8455,-0.6645,-0.6421,-0.8598,loser,TRUE_NEG,
INE0S9X01011,Ace Alpha Tech Ltd.,SME,,2025-07-03,Narnolia Financial,18.8,93.8,32.0,NEUTRAL,59.7,5,1,tiny pre-IPO sales,0.7848,0.4109,0.4333,-0.3611,winner,FALSE_NEG,78478.0
INE0VJT01017,PRO FX Tech Ltd.,SME,,2025-07-03,Hem Securities,2.3,0.0,40.0,NEUTRAL,53.1,4,0,-,-0.0115,-0.1619,-0.1395,-0.5578,flat,TRUE_NEG,
INE14W901010,Rama Telecom Ltd.,SME,,2025-07-02,Affinity Global,5.9,0.0,25.0,NEUTRAL,60.9,5,1,obscure lead manager,0.2279,-0.0643,-0.0401,-0.1789,winner,FALSE_NEG,22794.0
INE0SGZ01016,Suntech Infra Solutions Ltd.,SME,,2025-07-02,GYR Capital,13.9,0.0,44.0,NEUTRAL,54.1,4,0,-,-0.5703,-0.4653,-0.4411,-0.7062,loser,TRUE_NEG,
INE0SC101013,Supertech EV Ltd.,SME,,2025-07-02,Corporate Makers,3.3,4.2,30.0,NEUTRAL,52.5,4,1,obscure lead manager,-0.5467,-0.3658,-0.3416,-0.4803,loser,TRUE_NEG,
INE0ZDY01011,Abram Food Ltd.,SME,,2025-07-01,Corporate Makers,5.1,0.0,14.0,NEUTRAL,52.4,4,1,obscure lead manager,-0.1806,0.4486,0.485,-0.6167,flat,TRUE_NEG,
INE0Y0E01012,Icon Facilitators Ltd.,SME,,2025-07-01,Khambatta Securities,4.4,2.4,19.0,NEUTRAL,50.0,4,1,obscure lead manager,-0.3949,-0.3696,-0.3332,-0.5312,loser,TRUE_NEG,
INE0NON01025,Shri Hare-Krishna Sponge Iron Ltd.,SME,Commodities,2025-07-01,Hem Securities,,3.1,30.0,APPLY,69.6,5,0,-,-0.3559,-0.0488,-0.0124,-0.5488,loser,FALSE_POS,-35593.0
INE0XRR01010,AJC Jewel Manufacturers Ltd.,SME,,2025-07-01,Smart Horizon Capital,4.2,2.7,15.0,NEUTRAL,59.7,5,1,obscure lead manager,0.01,-0.0565,-0.0201,-0.4182,flat,TRUE_NEG,
INE0PKD01011,Mangal Electrical Industries Ltd.,MB,Industrials,2025-08-28,Systematix Corporate,0.5,9.5,400.0,NEUTRAL,40.0,4,1,obscure lead manager,-0.4307,-0.2472,-0.3172,-0.625,loser,TRUE_NEG,
INE1B6101010,Shreeji Shipping Global Ltd.,MB,Services,2025-08-26,Beeline Capital,4.0,58.1,411.0,APPLY,51.7,5,0,-,0.8768,0.2321,0.1846,-0.2243,winner,TRUE_POS,
INE06XZ01023,Gem Aromatics Ltd.,MB,Commodities,2025-08-26,Motilal Oswal Investment,7.7,30.3,451.0,NEUTRAL,42.4,4,1,obscure lead manager,-0.5214,-0.4642,-0.5116,-0.578,loser,TRUE_NEG,
INE078V01014,Vikram Solar Ltd.,MB,Industrials,2025-08-26,JM Financial,21.7,54.6,2079.0,APPLY,67.1,5,0,-,-0.3583,-0.2382,-0.2857,-0.5625,loser,FALSE_POS,-35831.0
INE0R8B01010,Patel Retail Ltd.,MB,Consumer Discretionary,2025-08-26,Fedex Securities,11.0,95.7,243.0,NEUTRAL,42.2,4,0,-,-0.2452,-0.1454,-0.1928,-0.4744,loser,TRUE_NEG,
INE0MHO01029,Regaal Resources Ltd.,MB,Fast Moving Consumer Goods,2025-08-20,Pantomath Capital,18.6,159.9,306.0,APPLY,46.2,5,0,-,-0.1718,-0.3416,-0.3816,-0.554,flat,FALSE_POS,-17176.0
INE304W01038,BlueStone Jewellery & Lifestyle Ltd.,MB,Consumer Discretionary,2025-08-19,Axis Capital,0.4,2.7,1541.0,NEUTRAL,55.9,5,1,loss-making at IPO,0.0738,0.0392,0.002,-0.47,flat,TRUE_NEG,
INE0GV601021,All Time Plastics Ltd.,MB,Consumer Discretionary,2025-08-14,Intensive Fiscal,9.4,8.3,401.0,NEUTRAL,39.1,4,1,obscure lead manager,-0.1823,-0.0282,-0.0789,-0.4288,flat,TRUE_NEG,
INE718I01012,JSW Cement Ltd.,MB,Commodities,2025-08-14,JM Financial,12.9,7.8,3600.0,NEUTRAL,47.2,5,1,loss-making at IPO,-0.1335,-0.1186,-0.1692,-0.3214,flat,TRUE_NEG,
INE00RL01028,Highway Infrastructure Ltd.,MB,Services,2025-08-12,Pantomath Capital,37.1,300.6,130.0,APPLY,51.7,5,0,-,-0.3246,-0.4211,-0.4704,-0.6764,loser,FALSE_POS,-32457.0
INE0V9Q01010,Sri Lotus Developers & Realty Ltd.,MB,Consumer Discretionary,2025-08-06,Motilal Oswal Investment,18.0,69.1,792.0,NEUTRAL,49.4,5,1,obscure lead manager,-0.0856,-0.0912,-0.1329,-0.5097,flat,TRUE_NEG,
INE08N601015,M&B Engineering Ltd.,MB,Industrials,2025-08-06,Equirus Capital,14.3,36.2,650.0,APPLY,68.3,5,0,-,-0.2713,0.1017,0.06,-0.5596,loser,FALSE_POS,-27130.0
INE301O01023,National Securities Depository Ltd.,MB,Financial Services,2025-08-06,ICICI Securities,15.6,41.0,4011.0,APPLY,60.8,5,0,-,0.0376,0.1794,0.1378,-0.4106,flat,—,
INE06WU01026,Laxmi India Finance Ltd.,MB,Financial Services,2025-08-05,PL Capital,,1.9,254.0,NEUTRAL,49.3,5,1,obscure lead manager,-0.3247,0.0858,0.0474,-0.5926,loser,TRUE_NEG,
INE819V01029,Aditya Infotech Ltd.,MB,Industrials,2025-08-05,ICICI Securities,33.6,100.7,1300.0,APPLY,81.7,5,0,-,4.188,0.2212,0.1827,-0.2037,multibagger,TRUE_POS,
INE06ZD01017,Shanti Gold International Ltd.,MB,Consumer Discretionary,2025-08-01,Choice Capital,15.1,81.2,360.0,NEUTRAL,38.6,4,1,obscure lead manager,0.1112,0.0384,-0.0087,-0.3809,flat,TRUE_NEG,
INE0YDV01010,ARC Insulation & Insulators Ltd.,SME,,2025-08-29,Gretex Corporate,64.0,0.0,41.0,APPLY,67.6,5,0,-,-0.6556,-0.4207,-0.4934,-0.7165,loser,FALSE_POS,-65560.0
INE191201016,LGT Business Connextions Ltd.,SME,Consumer Discretionary,2025-08-26,Mark Corporate,,,28.0,NEUTRAL,42.6,2,1,obscure lead manager,-0.5478,-0.3754,-0.4229,-0.5289,loser,TRUE_NEG,
INE17VO01028,Studio LSD Ltd.,SME,,2025-08-25,Corpwis,48.1,0.0,74.0,NEUTRAL,64.9,5,1,obscure lead manager,-0.8093,-0.6236,-0.6634,-0.8197,loser,TRUE_NEG,
INE632Q01018,Mahendra Realtors & Infrastructure Ltd.,SME,,2025-08-20,Novus Capital,11.8,0.0,49.0,APPLY,63.7,5,0,-,-0.5,0.0387,-0.0013,-0.6351,loser,FALSE_POS,-50000.0
INE111601014,Icodex Publishing Solutions Ltd.,SME,,2025-08-19,Indcap,10.8,3.8,42.0,AVOID,67.8,5,2,tiny pre-IPO sales;obscure lead manager,-0.5588,-0.2779,-0.3151,-0.604,loser,TRUE_NEG,
INE0VG001016,ANB Metal Cast Ltd.,SME,,2025-08-18,Sun Capital,,0.0,50.0,NEUTRAL,49.3,3,1,obscure lead manager,2.2375,0.9141,0.8684,-0.2378,multibagger,FALSE_NEG,223750.0
INE0UOY01019,Medistep Healthcare Ltd.,SME,,2025-08-18,Novus Capital,27.9,0.0,16.0,APPLY,54.9,5,0,-,-0.5453,-0.4081,-0.4538,-0.6723,loser,FALSE_POS,-54535.0
INE0YG001013,Star Imaging & Path Lab Ltd.,SME,,2025-08-18,Share India Capital,3.5,5.0,69.0,APPLY,74.0,5,0,-,-0.4294,-0.0213,-0.067,-0.687,loser,FALSE_POS,-42944.0
INE0EAS01014,Connplex Cinemas Ltd.,SME,,2025-08-14,Beeline Capital,16.9,0.0,90.0,APPLY,57.3,5,0,-,0.2808,0.2081,0.1575,-0.2566,winner,TRUE_POS,
INE10VS01016,Sawaliya Foods Products Ltd.,SME,,2025-08-14,Unistone Capital,25.0,0.0,35.0,APPLY,64.3,5,0,-,1.5017,-0.0345,-0.0851,-0.2033,multibagger,TRUE_POS,
INE0ZRC01017,Bhadora Industries Ltd.,SME,,2025-08-11,Unistone Capital,1.0,0.0,56.0,APPLY,70.6,5,0,-,-0.4146,-0.2232,-0.2635,-0.5782,loser,FALSE_POS,-41456.0
INE1H7V01011,Parth Electricals & Engineering Ltd.,SME,Industrials,2025-08-11,Horizon Management,3.5,,50.0,APPLY,59.3,5,0,-,1.5882,0.393,0.3528,-0.3078,multibagger,TRUE_POS,
INE1M3T01017,Jyoti Global Plast Ltd.,SME,,2025-08-11,Unistone Capital,15.2,0.0,35.0,NEUTRAL,41.6,2,0,-,-0.3644,-0.1489,-0.1892,-0.5934,loser,TRUE_NEG,
INE124401014,Aaradhya Disposal Industries Ltd.,SME,,2025-08-11,Khambatta Securities,,0.0,45.0,NEUTRAL,55.2,5,1,obscure lead manager,-0.2767,0.2012,0.161,-0.5321,loser,TRUE_NEG,
INE0W4K01013,BLT Logistics Ltd.,SME,,2025-08-11,Beeline Capital,20.0,504.4,10.0,APPLY,63.7,5,0,-,-0.5867,-0.466,-0.5063,-0.7842,loser,FALSE_POS,-58667.0
INE1IBY01019,Essex Marine Ltd.,SME,,2025-08-11,Khandwala Securities,5.6,0.0,23.0,NEUTRAL,55.4,5,1,obscure lead manager,-0.1674,-0.261,-0.3012,-0.5482,flat,TRUE_NEG,
INE0VCK01011,Flysbs Aviation Ltd.,SME,,2025-08-08,Vivro Financial,66.7,0.0,103.0,NEUTRAL,48.8,3,1,obscure lead manager,0.8156,0.1859,0.1396,-0.4889,winner,FALSE_NEG,81556.0
INE0WL201014,Cash Ur Drive Marketing Ltd.,SME,,2025-08-07,Narnolia Financial,19.2,0.0,61.0,APPLY,59.3,5,0,-,0.2146,-0.0746,-0.1118,-0.4845,winner,TRUE_POS,
INE0VZX01015,Renol Polychem Ltd.,SME,,2025-08-07,Corporate Makers,9.5,0.0,26.0,NEUTRAL,60.6,5,1,obscure lead manager,-0.1695,0.4,0.3629,-0.5107,flat,TRUE_NEG,
INE1LJ801017,B.D.Industries (Pune) Ltd.,SME,,2025-08-06,Aryaman Financial,,1.8,45.0,APPLY,62.2,5,0,-,0.0185,-0.0005,-0.0421,-0.2271,flat,—,
INE1KH601014,Mehul Colours Ltd.,SME,,2025-08-06,Seren Capital,8.3,7.5,22.0,AVOID,52.4,4,2,tiny pre-IPO sales;obscure lead manager,-0.0278,-0.041,-0.0827,-0.4162,flat,TRUE_NEG,
INE14OX01013,Takyon Networks Ltd.,SME,,2025-08-06,Hem Securities,,20.3,20.0,APPLY,55.7,5,0,-,-0.6043,-0.1709,-0.2125,-0.6165,loser,FALSE_POS,-60426.0
INE13ZD01013,Kaytex Fabrics Ltd.,SME,,2025-08-05,Socradamus Capital,11.7,0.0,70.0,NEUTRAL,62.8,5,1,obscure lead manager,-0.6611,-0.4153,-0.4538,-0.6529,loser,TRUE_NEG,
INE15WN01014,Repono Ltd.,SME,,2025-08-04,Wealth Mine Networks,12.5,60.5,27.0,NEUTRAL,52.3,4,1,obscure lead manager,-0.2719,-0.0762,-0.1183,-0.5258,loser,TRUE_NEG,
INE1P1A01018,Umiya Mobile Ltd.,SME,,2025-08-04,Smart Horizon Capital,6.1,0.0,25.0,NEUTRAL,44.5,2,1,obscure lead manager,-0.1982,0.4684,0.4264,-0.6656,flat,TRUE_NEG,
INE0IJF01013,Sellowrap Industries Ltd.,SME,,2025-08-01,Gretex Corporate,12.1,0.0,30.0,NEUTRAL,53.7,4,0,-,-0.1446,0.0762,0.0291,-0.5215,flat,TRUE_NEG,
INE161701011,Patel Chem Specialities Ltd.,SME,,2025-08-01,Cumulative Capital,14.3,155.6,59.0,NEUTRAL,54.2,4,1,obscure lead manager,0.0,-0.1233,-0.1704,-0.5021,flat,TRUE_NEG,
INE549H01021,Anand Rathi Share & Stock Brokers Ltd.,MB,Financial Services,2025-09-30,Nuvama Wealth Management,7.0,20.7,746.0,NEUTRAL,61.4,5,1,obscure lead manager,0.2675,0.4296,0.3756,-0.4598,winner,FALSE_NEG,26751.0
INE04VU01023,Seshaasai Technologies Ltd.,MB,Financial Services,2025-09-30,IIFL Capital,24.6,68.1,813.0,APPLY,66.5,5,0,-,-0.3696,-0.3361,-0.3901,-0.5035,loser,FALSE_POS,-36962.0
INE00YJ01010,Jaro Institute of Technology Management & Research Ltd.,MB,Consumer Discretionary,2025-09-30,Nuvama Wealth Management,4.8,22.1,450.0,NEUTRAL,44.4,5,1,obscure lead manager,-0.3569,-0.3741,-0.4281,-0.508,loser,TRUE_NEG,
INE0TY101024,Solarworld Energy Solutions Ltd.,MB,Industrials,2025-09-30,Nuvama Wealth Management,11.4,65.0,490.0,NEUTRAL,41.3,4,1,obscure lead manager,-0.4537,-0.1522,-0.2062,-0.5788,loser,TRUE_NEG,
INE0Z4F01028,Atlanta Electricals Ltd.,MB,Industrials,2025-09-29,Motilal Oswal Investment,16.7,70.6,688.0,APPLY,72.6,5,0,-,1.7109,0.1058,0.0528,-0.3274,multibagger,TRUE_POS,
INE652V01016,Ganesh Consumer Products Ltd.,MB,Fast Moving Consumer Goods,2025-09-29,Dam Capital,2.8,2.7,409.0,APPLY,46.3,5,0,-,-0.3512,-0.2813,-0.3344,-0.4911,loser,FALSE_POS,-35118.0
INE1AG301022,GK Energy Ltd.,MB,Industrials,2025-09-26,IIFL Capital,30.1,89.6,464.0,APPLY,51.6,5,0,-,-0.0758,-0.0827,-0.139,-0.6134,flat,FALSE_POS,-7575.0
INE13B501022,Saatvik Green Energy Ltd.,MB,Industrials,2025-09-26,Dam Capital,5.6,6.6,900.0,APPLY,62.9,5,0,-,-0.0031,-0.1475,-0.2038,-0.3952,flat,—,
INE056801025,Ivalue Infosolutions Ltd.,MB,Information Technology,2025-09-25,IIFL Capital,7.0,1.8,560.0,APPLY,62.6,5,0,-,-0.2062,-0.0142,-0.0645,-0.3494,loser,FALSE_POS,-20622.0
INE0SJA01013,VMS TMT Ltd.,MB,Industrials,2025-09-24,Arihant Capital,10.1,102.3,149.0,NEUTRAL,32.8,3,1,obscure lead manager,-0.5351,-0.4584,-0.5017,-0.6537,loser,TRUE_NEG,
INE198501012,Euro Pratik Sales Ltd.,MB,Consumer Discretionary,2025-09-23,Axis Capital,2.4,1.3,451.0,APPLY,66.8,5,0,-,0.0308,0.2117,0.1716,-0.4496,flat,—,
INE1B3L01017,Shringar House of Mangalsutra Ltd.,MB,Consumer Discretionary,2025-09-17,Choice Capital,15.8,60.3,401.0,NEUTRAL,48.3,5,1,obscure lead manager,0.2673,0.1348,0.1155,-0.3627,winner,FALSE_NEG,26727.0
INE0VOV01021,Dev Accelerator Ltd.,MB,Services,2025-09-17,Pantomath Capital,14.8,64.0,143.0,APPLY,53.8,5,0,-,-0.3895,-0.3422,-0.3615,-0.5188,loser,FALSE_POS,-38951.0
INE0CAZ01013,Urban Co.Ltd.,MB,Consumer Discretionary,2025-09-17,Kotak Mahindra Capital,19.4,103.6,1900.0,APPLY,67.0,5,0,-,0.218,-0.2658,-0.2851,-0.4482,winner,TRUE_POS,
INE084K01015,Amanta Healthcare Ltd.,MB,Healthcare,2025-09-09,Beeline Capital,16.7,82.6,126.0,APPLY,50.5,5,0,-,0.0594,-0.3011,-0.3401,-0.361,flat,—,
INE0Y8W01025,Anlon Healthcare Ltd.,MB,Healthcare,2025-09-03,Interactive Financial,6.6,7.1,121.0,APPLY,50.5,5,0,-,0.522,0.6303,0.5789,-0.3582,winner,TRUE_POS,
INE01R501028,Vikran Engineering Ltd.,MB,Industrials,2025-09-03,Pantomath Capital,14.4,0.0,772.0,APPLY,47.9,5,0,-,-0.2757,0.0098,-0.0416,-0.5482,loser,FALSE_POS,-27567.0
INE0VBS01016,Ecoline Exim Ltd.,SME,,2025-09-30,Hem Securities,3.5,0.0,76.0,APPLY,65.9,5,0,-,0.2865,-0.0623,-0.1162,-0.2198,winner,TRUE_POS,
INE132901013,Matrix Geo Solutions Ltd.,SME,,2025-09-30,Narnolia Financial,9.6,0.0,40.0,NEUTRAL,54.8,5,1,tiny pre-IPO sales,-0.3428,0.0489,-0.005,-0.4461,loser,TRUE_NEG,
INE1LDV01015,True Colors Ltd.,SME,,2025-09-30,GYR Capital,18.3,42.4,128.0,APPLY,76.3,5,0,-,-0.2055,0.124,0.0701,-0.5263,loser,FALSE_POS,-20550.0
INE15XJ01010,Aptus Pharma Ltd.,SME,,2025-09-30,Interactive Financial,10.0,20.8,13.0,APPLY,68.5,5,0,-,2.2807,1.002,0.9481,-0.6034,multibagger,TRUE_POS,
INE0QMV01017,BharatRohan Airborne Innovations Ltd.,SME,,2025-09-30,Smart Horizon Capital,5.9,9.5,45.0,NEUTRAL,60.0,5,1,obscure lead manager,0.4412,0.3523,0.2984,-0.3678,winner,FALSE_NEG,44118.0
INE0CQA01020,Prime Cable Industries Ltd.,SME,,2025-09-29,Indorient Financial,2.4,0.0,40.0,NEUTRAL,42.1,2,1,obscure lead manager,0.3855,0.0894,0.0363,-0.3758,winner,FALSE_NEG,38554.0
INE0SVO01019,Siddhi Cotspin Ltd.,SME,,2025-09-26,Swastika Investmart,,0.0,70.0,APPLY,55.9,5,0,-,-0.7407,-0.6322,-0.6884,-0.6693,loser,FALSE_POS,-74074.0
INE14VP01014,JD Cables Ltd.,SME,,2025-09-25,GYR Capital,13.8,118.9,96.0,NEUTRAL,51.1,4,0,-,0.3536,0.2935,0.2433,-0.3238,winner,FALSE_NEG,35362.0
INE10XS01012,Sampat Aluminium Ltd.,SME,,2025-09-24,Marwadi Chandarana Intermediaries,15.0,153.8,31.0,NEUTRAL,44.4,2,1,obscure lead manager,-0.6846,-0.3574,-0.4007,-0.6961,loser,TRUE_NEG,
INE0Y5H01014,TechD Cybersecurity Ltd.,SME,,2025-09-22,GYR Capital,51.8,0.0,39.0,APPLY,68.4,5,0,-,2.2332,0.577,0.5385,-0.5514,multibagger,TRUE_POS,
INE0TJ801010,L.T.Elevator Ltd.,SME,,2025-09-19,Horizon Management,57.7,170.2,39.0,APPLY,56.5,5,0,-,2.1071,0.2411,0.2158,-0.3634,multibagger,TRUE_POS,
INE0XBS01012,Airfloa Rail Technology Ltd.,SME,,2025-09-18,GYR Capital,125.0,281.0,91.0,NEUTRAL,52.6,4,0,-,1.2882,0.1917,0.1763,-0.4116,multibagger,FALSE_NEG,128821.0
INE09A801015,Galaxy Medicare Ltd.,SME,,2025-09-17,Affinity Global,1.9,0.0,22.0,NEUTRAL,46.8,3,1,obscure lead manager,-0.6435,-0.5955,-0.6148,-0.7027,loser,TRUE_NEG,
INE1DRH01011,Jay Ambe Supermarkets Ltd.,SME,,2025-09-17,Beeline Capital,12.8,59.8,18.0,APPLY,56.4,5,0,-,1.0096,0.6401,0.6209,-0.4598,multibagger,TRUE_POS,
INE0XWS01018,Taurian MPS Ltd.,SME,,2025-09-16,Gretex Corporate,8.8,0.0,43.0,APPLY,61.1,5,0,-,0.5269,-0.0556,-0.0802,-0.5205,winner,TRUE_POS,
INE0V8A01016,Karbonsteel Engineering Ltd.,SME,,2025-09-16,Seren Capital,9.4,71.3,59.0,NEUTRAL,47.8,3,1,obscure lead manager,-0.3657,-0.1304,-0.155,-0.5109,loser,TRUE_NEG,
INE346R01013,Nilachal Carbo Metalicks Ltd.,SME,,2025-09-16,Sun Capital,,0.0,56.0,NEUTRAL,70.5,5,1,obscure lead manager,0.1412,0.4846,0.46,-0.4434,flat,TRUE_NEG,
INE0XZB01017,Krupalu Metals Ltd.,SME,,2025-09-16,Finshore Management,,0.0,13.0,APPLY,57.1,5,0,-,-0.5139,-0.0827,-0.1073,-0.5846,loser,FALSE_POS,-51389.0
INE0WRP01016,Vashishtha Luxury Fashion Ltd.,SME,,2025-09-15,Expert Global,5.4,2.1,9.0,NEUTRAL,61.4,5,1,tiny pre-IPO sales,-0.3784,0.1684,0.1302,-0.7451,loser,TRUE_NEG,
INE0UJF01018,Sharvaya Metals Ltd.,SME,,2025-09-12,Expert Global,10.7,4.6,59.0,APPLY,68.1,5,0,-,-0.577,-0.1685,-0.2056,-0.6015,loser,FALSE_POS,-57704.0
INE1DM601016,Vigor Plast India Ltd.,SME,,2025-09-12,Unistone Capital,,0.0,25.0,APPLY,55.5,5,0,-,-0.0401,-0.0607,-0.0978,-0.5219,flat,FALSE_POS,-4012.0
INE104201012,Austere Systems Ltd.,SME,,2025-09-12,GYR Capital,18.2,1001.8,16.0,NEUTRAL,68.4,5,1,tiny pre-IPO sales,-0.0909,-0.3507,-0.3879,-0.4642,flat,TRUE_NEG,
INE15B101011,Optivalue Tek Consulting Ltd.,SME,,2025-09-10,Share India Capital,17.9,0.0,52.0,APPLY,71.0,5,0,-,-0.0524,-0.2797,-0.3112,-0.4017,flat,—,
INE0ZOM01013,Goel Construction Co.Ltd.,SME,,2025-09-09,Srujan Alpha Capital,22.1,115.8,100.0,NEUTRAL,55.5,5,1,obscure lead manager,0.546,-0.0354,-0.0745,-0.291,winner,FALSE_NEG,54601.0
INE0ZN101029,Rachit Prints Ltd.,SME,,2025-09-08,Khambatta Securities,14.1,1.9,20.0,APPLY,63.7,5,0,-,0.244,0.1898,0.1419,-0.3323,winner,TRUE_POS,
INE0XX801016,Sugs Lloyd Ltd.,SME,,2025-09-05,3Dimension Capital,4.9,3.1,86.0,NEUTRAL,64.0,5,1,obscure lead manager,-0.0244,-0.0373,-0.0958,-0.3897,flat,TRUE_NEG,
INE1OIC01018,Snehaa Organics Ltd.,SME,,2025-09-05,Novus Capital,12.3,0.0,33.0,APPLY,61.3,5,0,-,-0.623,-0.3753,-0.4337,-0.6682,loser,FALSE_POS,-62295.0
INE15MX01014,Abril Paper Tech Ltd.,SME,,2025-09-05,Interactive Financial,6.6,0.0,13.0,APPLY,58.9,5,0,-,-0.3689,-0.109,-0.1674,-0.4614,loser,FALSE_POS,-36885.0
INE0RTI01017,Oval Projects Engineering Ltd.,SME,,2025-09-04,SMC Capitals,9.4,1.6,47.0,NEUTRAL,51.4,4,1,obscure lead manager,-0.2941,-0.3404,-0.3929,-0.4992,loser,TRUE_NEG,
INE1CRQ01014,Current Infraprojects Ltd.,SME,,2025-09-03,Holani Consultants,18.8,0.0,42.0,APPLY,62.8,5,0,-,0.3937,-0.0668,-0.1182,-0.334,winner,TRUE_POS,
INE14DW01018,Sattva Engineering Construction Ltd.,SME,Utilities,2025-09-03,Vivro Financial,20.0,198.2,35.0,NEUTRAL,44.4,2,1,obscure lead manager,-0.1653,-0.3275,-0.3789,-0.6206,flat,TRUE_NEG,
INE12P601017,Globtier Infotech Ltd.,SME,,2025-09-02,Shannon Advisors,23.6,0.0,31.0,AVOID,38.0,1,1,obscure lead manager,-0.7674,-0.4519,-0.511,-0.7421,loser,TRUE_NEG,
INE0M3X01010,NIS Management Ltd.,SME,,2025-09-02,Share India Capital,6.3,3.0,60.0,APPLY,57.7,5,0,-,-0.5386,-0.2105,-0.2696,-0.6018,loser,FALSE_POS,-53865.0
INE0VTV01012,Anondita Medicare Ltd.,SME,,2025-09-01,Narnolia Financial,19.3,0.0,69.0,APPLY,62.1,5,0,-,7.4131,1.278,1.215,-0.3639,multibagger,TRUE_POS,
INE1DLF01018,Shivashrit Foods Ltd.,SME,,2025-09-01,Mark Corporate,5.6,0.0,70.0,NEUTRAL,61.1,5,1,obscure lead manager,-0.1585,-0.0325,-0.0955,-0.2593,flat,TRUE_NEG,
INE0UQ601012,Classic Electrodes (India) Ltd.,SME,,2025-09-01,GYR Capital,20.7,0.0,42.0,NEUTRAL,48.0,3,0,-,-0.4598,-0.1684,-0.2314,-0.6665,loser,TRUE_NEG,
INE0XAD01024,Midwest Ltd.,MB,Consumer Discretionary,2025-10-24,Dam Capital,9.4,87.9,451.0,APPLY,62.2,5,0,-,0.1583,0.1113,0.1402,-0.3988,flat,—,
INE01TY01017,Canara HSBC Life Insurance Co.Ltd.,MB,Financial Services,2025-10-17,SBICAP,2.8,2.3,2518.0,APPLY,62.5,5,0,-,0.2973,0.266,0.2666,-0.1253,winner,TRUE_POS,
INE506V01022,Rubicon Research Ltd.,MB,Healthcare,2025-10-16,Axis Capital,24.7,103.9,1378.0,APPLY,68.9,5,0,-,1.4794,0.0844,0.0813,-0.171,multibagger,TRUE_POS,
INE218I01013,Canara Robeco Asset Management Co.Ltd.,MB,Financial Services,2025-10-16,SBICAP,7.5,9.7,1326.0,APPLY,57.1,5,0,-,-0.0614,-0.0601,-0.0632,-0.3803,flat,—,
INE324D01010,LG Electronics India Ltd.,MB,Consumer Discretionary,2025-10-14,Morgan Stanley,40.4,54.0,11607.0,NEUTRAL,70.4,5,1,obscure lead manager,0.3154,-0.1722,-0.1955,-0.2196,winner,FALSE_NEG,31535.0
INE976I01016,Tata Capital Ltd.,MB,Financial Services,2025-10-13,Kotak Mahindra Capital,15.3,2.0,15512.0,APPLY,61.9,5,0,-,-0.0344,0.0561,0.0338,-0.1763,flat,—,
INE085001019,WeWork India Management Ltd.,MB,Services,2025-10-10,JM Financial,0.9,1.1,3000.0,APPLY,54.0,5,0,-,-0.0107,-0.0223,-0.038,-0.3415,flat,—,
INE1B0W01010,Advance Agrolife Ltd.,MB,Commodities,2025-10-08,Choice Capital,10.0,56.9,193.0,APPLY,46.2,5,0,-,0.0128,0.2096,0.1659,-0.4243,flat,—,
INE1BZC01019,Om Freight Forwarders Ltd.,MB,Services,2025-10-08,Smart Horizon Capital,7.4,3.9,122.0,NEUTRAL,47.5,5,1,obscure lead manager,-0.3913,0.0716,0.0279,-0.4147,loser,TRUE_NEG,
INE0TQE01026,Glottis Ltd.,MB,Services,2025-10-07,Pantomath Capital,11.6,2.1,307.0,APPLY,54.0,5,0,-,-0.4941,-0.2754,-0.318,-0.5444,loser,FALSE_POS,-49411.0
INE0HF201011,Fabtech Technologies Ltd.,MB,Healthcare,2025-10-07,Unistone Capital,18.3,2.0,230.0,APPLY,51.4,5,0,-,-0.2193,0.083,0.0404,-0.4757,loser,FALSE_POS,-21932.0
INE0S3G01027,Pace Digitek Ltd.,MB,Telecommunication,2025-10-06,Unistone Capital,12.3,1.6,819.0,APPLY,49.9,5,0,-,-0.1487,-0.1294,-0.1761,-0.3782,flat,—,
INE0MWH01014,Trualt Bioenergy Ltd.,MB,Fast Moving Consumer Goods,2025-10-03,Dam Capital,11.1,71.9,839.0,APPLY,51.1,5,0,-,0.0184,-0.2256,-0.2832,-0.398,flat,—,
INE1FF001016,Jinkushal Industries Ltd.,MB,Industrials,2025-10-03,GYR Capital,43.0,65.1,116.0,APPLY,44.9,5,0,-,-0.1802,-0.233,-0.2906,-0.6129,flat,FALSE_POS,-18016.0
INE0MLS01022,Epack Prefab Technologies Ltd.,MB,Industrials,2025-10-01,Monarch Networth Capital,9.3,3.1,504.0,APPLY,61.5,5,0,-,0.024,0.4379,0.3858,-0.5995,flat,FALSE_POS,2402.0
INE965W01036,BMW Ventures Ltd.,MB,Commodities,2025-10-01,Sarthi Capital Advisors,4.0,1.5,232.0,APPLY,46.4,5,0,-,-0.3759,-0.2382,-0.2903,-0.3432,loser,FALSE_POS,-37586.0
INE0YD401026,Jain Resource Recycling Ltd.,MB,Commodities,2025-10-01,Dam Capital,9.9,15.9,1250.0,APPLY,52.3,5,0,-,0.4828,0.306,0.254,-0.3981,winner,TRUE_POS,
INE13YH01017,SK Minerals & Additives Ltd.,SME,,2025-10-17,Khambatta Securities,3.5,3.3,41.0,NEUTRAL,46.9,3,0,-,2.1102,-0.087,-0.0864,-0.4248,multibagger,FALSE_NEG,211024.0
INE0SFA01011,Sihora Industries Ltd.,SME,,2025-10-17,Sobhagya Capital,2.0,0.0,11.0,AVOID,55.6,5,2,tiny pre-IPO sales;obscure lead manager,-0.1098,-0.1278,-0.1272,-0.2331,flat,TRUE_NEG,
INE833Q01012,Mittal Sections Ltd.,SME,,2025-10-14,Wealth Mine Networks,1.6,2.2,53.0,NEUTRAL,46.3,3,1,obscure lead manager,-0.7605,-0.6716,-0.6949,-0.7918,loser,TRUE_NEG,
INE1EUB01016,Shlokka Dyes Ltd.,SME,,2025-10-17,Interactive Financial,1.2,1.1,58.0,NEUTRAL,54.2,4,0,-,-0.7346,-0.6372,-0.6366,-0.7458,loser,TRUE_NEG,
INE0PLX01017,Greenleaf Envirotech Ltd.,SME,,2025-10-09,Smart Horizon Capital,,0.0,22.0,NEUTRAL,63.5,5,1,obscure lead manager,-0.5419,0.2336,0.206,-0.6992,loser,TRUE_NEG,
INE0QP701017,Valplast Technologies Ltd.,SME,,2025-10-08,Fintellectual Corporate,5.6,1.2,28.0,NEUTRAL,48.6,3,1,obscure lead manager,-0.187,-0.0619,-0.1056,-0.4808,flat,TRUE_NEG,
INE17CQ01015,B.A.G.Convergence Ltd.,SME,,2025-10-08,Inventure Merchant Banker,,0.0,49.0,APPLY,60.3,5,0,-,0.2483,0.1127,0.069,-0.1998,winner,TRUE_POS,
INE1B3501014,Zelio E-Mobility Ltd.,SME,,2025-10-08,Hem Securities,1.5,1.5,78.0,APPLY,76.5,5,0,-,2.668,1.389,1.3453,-0.604,multibagger,TRUE_POS,
INE0YJV01017,Sheel Biotech Ltd.,SME,,2025-10-08,Narnolia Financial,7.9,0.0,34.0,APPLY,56.9,5,0,-,-0.2524,-0.2878,-0.3315,-0.5918,loser,FALSE_POS,-25238.0
INE16XA01017,Infinity Infoway Ltd.,SME,,2025-10-08,Holani Consultants,16.1,258.5,24.0,NEUTRAL,68.8,5,1,tiny pre-IPO sales,1.3303,0.2964,0.2527,-0.3111,multibagger,FALSE_NEG,133032.0
INE1K8Y01018,Munish Forge Ltd.,SME,,2025-10-08,Gretex Corporate,7.3,0.0,74.0,APPLY,67.3,5,0,-,-0.3667,-0.093,-0.1367,-0.6074,loser,FALSE_POS,-36667.0
INE10CM01027,Sunsky Logistics Ltd.,SME,,2025-10-08,Nirbhay Capital,,0.0,17.0,AVOID,62.1,5,2,tiny pre-IPO sales;obscure lead manager,-0.075,0.2885,0.2448,-0.5745,flat,TRUE_NEG,
INE12P101018,Chiraharit Ltd.,SME,,2025-10-08,Finshore Management,19.1,0.0,31.0,APPLY,60.1,5,0,-,-0.4952,-0.4731,-0.5168,-0.6805,loser,FALSE_POS,-49524.0
INE0QU501030,Sodhani Capital Ltd.,SME,,2025-10-07,Bonanza Portfolio,,0.0,11.0,AVOID,55.8,5,2,tiny pre-IPO sales;obscure lead manager,0.1453,0.0,-0.0426,-0.5904,flat,TRUE_NEG,
INE0WL901019,Vijaypd Ceutical Ltd.,SME,,2025-10-07,Smart Horizon Capital,,0.0,19.0,NEUTRAL,46.6,3,1,obscure lead manager,1.5914,0.1699,0.1273,-0.2669,multibagger,FALSE_NEG,159143.0
INE0R8Q01018,Om Metallogic Ltd.,SME,,2025-10-07,Corporate Makers,,0.0,22.0,NEUTRAL,50.7,4,1,obscure lead manager,-0.7835,-0.6941,-0.7367,-0.8332,loser,TRUE_NEG,
INE0RYR01018,Suba Hotels Ltd.,SME,,2025-10-07,Unistone Capital,6.3,0.0,75.0,APPLY,63.3,5,0,-,0.0802,-0.1492,-0.1918,-0.4867,flat,—,
INE0SPJ01011,Dhillon Freight Carrier Ltd.,SME,Services,2025-10-07,Finshore Management,16.7,2.9,10.0,NEUTRAL,44.1,2,1,tiny pre-IPO sales,-0.5125,-0.269,-0.3116,-0.4993,loser,TRUE_NEG,
INE0SUM01015,DSM Fresh Foods Ltd.,SME,,2025-10-09,Narnolia Financial,3.0,1.3,59.0,NEUTRAL,53.8,4,0,-,-0.1816,0.0194,-0.0082,-0.6139,flat,TRUE_NEG,
INE163701019,KVS Castings Ltd.,SME,,2025-10-06,Narnolia Financial,5.4,3.9,28.0,APPLY,68.5,5,0,-,0.232,-0.1234,-0.1702,-0.35,winner,TRUE_POS,
INE0S5T01017,Rukmani Devi Garg Agro Impex Ltd.,SME,,2025-10-06,Fedex Securities,36.4,28.2,24.0,NEUTRAL,51.8,4,0,-,0.0505,0.0178,-0.029,-0.2703,flat,TRUE_NEG,
INE1PJP01015,M P K Steels (I) Ltd.,SME,,2025-10-06,Gretex Corporate,,1.5,26.0,NEUTRAL,51.8,4,0,-,0.5386,0.7156,0.6688,-0.3633,winner,FALSE_NEG,53861.0
INE14QA01016,Ameenji Rubber Ltd.,SME,,2025-10-06,Hem Securities,,2.1,30.0,APPLY,55.5,5,0,-,0.46,0.2004,0.1536,-0.321,winner,TRUE_POS,
INE0U4H01011,Manas Polymers & Energies Ltd.,SME,,2025-10-06,Expert Global,3.7,0.0,24.0,APPLY,77.3,5,0,-,-0.4802,-0.3909,-0.4377,-0.7127,loser,FALSE_POS,-48025.0
INE18PB01017,Bhavik Enterprises Ltd.,SME,,2025-10-06,Smart Horizon Capital,,0.0,77.0,NEUTRAL,57.8,5,1,obscure lead manager,0.1643,-0.0296,-0.0764,-0.1236,flat,TRUE_NEG,
INE1B4801017,Chatterbox Technologies Ltd.,SME,,2025-10-03,Expert Global,33.0,48.5,43.0,APPLY,64.4,5,0,-,-0.5043,-0.3876,-0.4452,-0.7003,loser,FALSE_POS,-50435.0
INE0SIK01014,Gujarat Peanut & Agri Products Ltd.,SME,,2025-10-03,Finshore Management,68.8,0.0,24.0,NEUTRAL,48.5,3,0,-,0.0625,0.3518,0.2942,-0.242,flat,TRUE_NEG,
INE1A8F01035,Earkart Ltd.,SME,,2025-10-03,Sarthi Capital Advisors,,0.0,49.0,NEUTRAL,51.9,4,0,-,-0.1185,0.0777,0.0201,-0.5361,flat,TRUE_NEG,
INE0SRP01014,Telge Projects Ltd.,SME,,2025-10-03,Smart Horizon Capital,,2.9,27.0,NEUTRAL,57.0,5,1,obscure lead manager,-0.0105,-0.0222,-0.0798,-0.262,flat,TRUE_NEG,
INE0TI501017,Praruh Technologies Ltd.,SME,,2025-10-01,Corporate Makers,6.3,1.2,23.0,NEUTRAL,60.2,5,1,obscure lead manager,-0.119,-0.1595,-0.2116,-0.284,flat,TRUE_NEG,
INE1CCX01012,Gurunanak Agriculture India Ltd.,SME,,2025-10-01,Finshore Management,,0.0,29.0,APPLY,66.0,5,0,-,-0.52,-0.4184,-0.4705,-0.5991,loser,FALSE_POS,-52000.0
INE0W5Q01017,Justo Realfintech Ltd.,SME,,2025-10-01,Vivro Financial,16.5,4.3,63.0,APPLY,62.9,5,0,-,-0.2441,-0.3006,-0.3527,-0.4405,loser,FALSE_POS,-24409.0
INE1KLZ01011,Systematic Industries Ltd.,SME,,2025-10-01,Hem Securities,5.1,5.8,116.0,APPLY,66.0,5,0,-,-0.0128,-0.0738,-0.1259,-0.4439,flat,—,
INE0SLP01017,NSB BPO Solutions Ltd.,SME,,2025-10-10,Inventure Merchant Banker,,0.8,64.0,NEUTRAL,49.0,3,0,-,-0.4413,-0.2296,-0.2453,-0.4641,loser,TRUE_NEG,
INE1IIQ01028,Solvex Edibles Ltd.,SME,,2025-10-01,Corporate Makers,,0.0,19.0,NEUTRAL,46.1,3,1,obscure lead manager,-0.5536,-0.5139,-0.566,-0.737,loser,TRUE_NEG,
INE0QPI01025,Sudeep Pharma Ltd.,MB,Healthcare,2025-11-28,ICICI Securities,20.4,93.7,895.0,APPLY,69.2,5,0,-,0.2723,-0.1746,-0.1356,-0.3154,winner,TRUE_POS,
INE606N01019,Excelsoft Technologies Ltd.,MB,Information Technology,2025-11-26,Anand Rathi Advisors,3.3,43.2,500.0,APPLY,59.4,5,0,-,-0.2853,-0.3108,-0.2832,-0.4703,loser,FALSE_POS,-28525.0
INE0ILV01024,Capillary Technologies India Ltd.,MB,Information Technology,2025-11-21,JM Financial,9.5,52.9,878.0,APPLY,67.4,5,0,-,-0.122,-0.1037,-0.0846,-0.3567,flat,—,
INE12UR01024,Fujiyama Power Systems Ltd.,MB,Industrials,2025-11-20,Motilal Oswal Investment,0.2,2.1,828.0,APPLY,66.9,5,0,-,0.4399,-0.0012,0.027,-0.223,winner,TRUE_POS,
INE19RI01016,Tenneco Clean Air India Ltd.,MB,Consumer Discretionary,2025-11-19,JM Financial,26.2,58.8,3600.0,APPLY,71.8,5,0,-,0.4838,0.1281,0.137,-0.1447,winner,TRUE_POS,
INE0LP301011,PhysicsWallah Ltd.,MB,Consumer Discretionary,2025-11-18,Kotak Mahindra Capital,12.8,1.8,3480.0,NEUTRAL,60.1,5,1,loss-making at IPO,-0.0575,-0.3287,-0.3215,-0.4875,flat,TRUE_NEG,
INE1C6T01020,Emmvee Photovoltaic Power Ltd.,MB,Industrials,2025-11-18,JM Financial,1.8,1.0,2900.0,APPLY,68.4,5,0,-,0.5408,-0.0131,-0.006,-0.2866,winner,TRUE_POS,
INE15B701018,Pine Labs Ltd.,MB,Financial Services,2025-11-14,Axis Capital,2.5,2.5,3900.0,NEUTRAL,56.6,5,1,loss-making at IPO,-0.3463,-0.1976,-0.1807,-0.4502,loser,TRUE_NEG,
INE0HOQ01053,Billionbrains Garage Ventures Ltd.,MB,Financial Services,2025-11-12,Kotak Mahindra Capital,5.0,17.6,6632.0,APPLY,64.5,5,0,-,0.9609,0.3098,0.3068,-0.2429,winner,TRUE_POS,
INE956O01016,Lenskart Solutions Ltd.,MB,Consumer Discretionary,2025-11-10,Kotak Mahindra Capital,2.5,28.3,7278.0,APPLY,77.8,5,0,-,0.2651,0.151,0.1395,-0.1456,winner,TRUE_POS,
INE00Q601028,Studds Accessories Ltd.,MB,Consumer Discretionary,2025-11-07,IIFL Capital,6.0,73.3,455.0,APPLY,56.2,5,0,-,-0.2225,-0.0939,-0.1018,-0.2389,loser,FALSE_POS,-22248.0
INE16NZ01023,Orkla India Ltd.,MB,Fast Moving Consumer Goods,2025-11-06,ICICI Securities,9.0,48.7,1668.0,APPLY,51.5,5,0,-,-0.1417,-0.2141,-0.2193,-0.2469,flat,—,
INE0BUQ01012,Gallard Steel Ltd.,SME,,2025-11-26,Seren Capital,42.0,349.4,38.0,NEUTRAL,49.0,3,1,obscure lead manager,0.02,-0.3469,-0.3193,-0.507,flat,TRUE_NEG,
INE0U9D01019,Mahamaya Lifesciences Ltd.,SME,,2025-11-18,Oneview Corporate,,1.6,70.0,APPLY,60.9,5,0,-,0.407,0.6224,0.6295,-0.3185,winner,TRUE_POS,
INE1I1301016,Workmates Core2Cloud Solution Ltd.,SME,,2025-11-18,Horizon Management,43.1,131.6,70.0,APPLY,63.8,5,0,-,0.5113,-0.0832,-0.0761,-0.4324,winner,TRUE_POS,
INE0D8001018,Shining Tools Ltd.,SME,,2025-11-14,Sobhagya Capital,13.2,0.0,17.0,AVOID,65.3,5,2,tiny pre-IPO sales;obscure lead manager,-0.3345,-0.3826,-0.3656,-0.6101,loser,TRUE_NEG,
INE1BZN01016,Curis Lifesciences Ltd.,SME,,2025-11-14,Finaax Advisors,7.0,0.0,28.0,NEUTRAL,58.3,5,1,obscure lead manager,-0.125,-0.2624,-0.2455,-0.3702,flat,TRUE_NEG,
INE0EDU01014,Finbud Financial Services Ltd.,SME,,2025-11-13,SKI Capital,7.7,0.0,72.0,NEUTRAL,43.9,2,1,obscure lead manager,-0.1761,-0.2951,-0.2923,-0.5174,flat,TRUE_NEG,
INE1FL101016,Shreeji Global FMCG Ltd.,SME,,2025-11-12,Interactive Financial,8.0,0.0,85.0,APPLY,64.5,5,0,-,0.2952,0.1691,0.1661,-0.1113,winner,TRUE_POS,
INE0SVZ01015,Safecure Services Ltd.,SME,,2025-11-06,Sun Capital,,0.0,31.0,NEUTRAL,55.5,5,1,obscure lead manager,-0.7456,-0.5928,-0.598,-0.677,loser,TRUE_NEG,
INE1GUJ01014,Game Changers Texfab Ltd.,SME,,2025-11-04,Corpwis,,1.2,55.0,NEUTRAL,56.0,5,1,obscure lead manager,0.025,0.2163,0.2112,-0.3641,flat,TRUE_NEG,
INE1AE401014,Jayesh Logistics Ltd.,SME,,2025-11-03,Indcap,7.4,0.0,29.0,NEUTRAL,47.0,3,1,obscure lead manager,0.3525,0.2453,0.2715,-0.2909,winner,FALSE_NEG,35246.0
INE0V0W01025,Gujarat Kidney & Super Speciality Ltd.,MB,Healthcare,2025-12-30,Nirbhay Capital,1.3,5.2,251.0,NEUTRAL,47.3,5,1,obscure lead manager,0.1496,-0.0306,0.1085,-0.1122,flat,TRUE_NEG,
INE987S01020,KSH International Ltd.,MB,Industrials,2025-12-23,Nuvama Wealth Management,1.6,0.8,626.0,NEUTRAL,61.0,5,1,obscure lead manager,1.134,0.2666,0.3913,-0.1461,multibagger,FALSE_NEG,113398.0
INE346A01027,ICICI Prudential Asset Management Co.Ltd.,MB,Financial Services,2025-12-19,Citigroup Global,21.2,39.2,10603.0,APPLY,64.2,5,0,-,0.5007,0.0843,0.1942,-0.1459,winner,TRUE_POS,
INE119201023,Park Medi World Ltd.,MB,Healthcare,2025-12-17,Nuvama Wealth Management,18.5,8.1,920.0,NEUTRAL,64.4,5,1,obscure lead manager,0.7392,0.3594,0.4385,-0.0955,winner,FALSE_NEG,73920.0
INE428V01029,Nephrocare Health Services Ltd.,MB,Healthcare,2025-12-17,ICICI Securities,8.7,14.0,871.0,APPLY,69.3,5,0,-,0.4692,0.1755,0.2545,-0.1739,winner,TRUE_POS,
INE02ZQ01018,Corona Remedies Ltd.,MB,Healthcare,2025-12-15,JM Financial,32.3,137.0,655.0,APPLY,69.3,5,0,-,0.6243,0.0809,0.1815,-0.1003,winner,TRUE_POS,
INE0E7301029,Wakefit Innovations Ltd.,MB,Consumer Discretionary,2025-12-15,Axis Capital,2.1,2.5,1289.0,NEUTRAL,57.2,5,1,loss-making at IPO,-0.4048,-0.1887,-0.0881,-0.4638,loser,TRUE_NEG,
INE14UN01029,Vidya Wires Ltd.,MB,Industrials,2025-12-10,Pantomath Capital,6.7,26.6,300.0,APPLY,59.5,5,0,-,0.8004,0.0162,0.0896,-0.1788,winner,TRUE_POS,
INE947N01017,Aequs Ltd.,MB,Industrials,2025-12-10,JM Financial,19.4,101.6,922.0,NEUTRAL,52.4,5,1,loss-making at IPO,0.5077,-0.1666,-0.0932,-0.2751,winner,FALSE_NEG,50766.0
INE0VDM01015,Meesho Ltd.,MB,Consumer Discretionary,2025-12-10,Kotak Mahindra Capital,37.8,79.0,5421.0,NEUTRAL,63.4,5,1,loss-making at IPO,0.495,-0.1804,-0.107,-0.4279,winner,FALSE_NEG,49504.0
INE0X4A01013,Apollo Techno Industries Ltd.,SME,,2025-12-31,Beeline Capital,6.9,1.7,48.0,APPLY,61.0,5,0,-,-0.3,-0.4406,-0.3086,-0.4679,loser,FALSE_POS,-30000.0
INE1IJQ01026,Bai Kakaji Polymers Ltd.,SME,,2025-12-31,Hem Securities,1.6,5.4,105.0,APPLY,59.3,5,0,-,-0.086,-0.0744,0.0577,-0.2379,flat,—,
INE0XLO01010,Admach Systems Ltd.,SME,,2025-12-31,Aftertrade Broking,4.6,3.9,43.0,NEUTRAL,51.8,4,1,obscure lead manager,0.2954,-0.1034,0.0287,-0.2402,winner,FALSE_NEG,29540.0
INE0YJA01011,Nanta Tech Ltd.,SME,,2025-12-31,Smart Horizon Capital,9.1,0.0,32.0,APPLY,58.6,5,0,-,0.7761,0.1842,0.3162,-0.2473,winner,TRUE_POS,
INE2HJL01019,Dhara Rail Projects Ltd.,SME,,2025-12-31,Hem Securities,13.1,0.0,50.0,APPLY,59.1,5,0,-,0.2091,-0.3311,-0.1991,-0.4283,winner,TRUE_POS,
INE0CTB01014,Sundrex Oil Co.Ltd.,SME,,2025-12-30,Affinity Global,19.8,0.0,32.0,NEUTRAL,49.1,3,1,obscure lead manager,-0.6459,-0.62,-0.481,-0.6239,loser,TRUE_NEG,
INE1CRP01016,Shyam Dhani Industries Ltd.,SME,,2025-12-30,Holani Consultants,97.1,0.0,38.0,NEUTRAL,49.7,3,0,-,-0.095,-0.6563,-0.5172,-0.6563,flat,TRUE_NEG,
INE1F9M01018,Dachepalli Publishers Ltd.,SME,,2025-12-30,Synfinx Capital,9.8,1.9,40.0,NEUTRAL,50.3,3,1,obscure lead manager,-0.2595,-0.3922,-0.2531,-0.4615,loser,TRUE_NEG,
INE1KEC01023,EPW India Ltd.,SME,,2025-12-30,GetFive Advisors,2.6,0.0,32.0,NEUTRAL,46.7,3,1,obscure lead manager,0.4845,-0.0476,0.0915,-0.1691,winner,FALSE_NEG,48454.0
INE0TD401015,MARC Technocrats Ltd.,SME,,2025-12-24,Narnolia Financial,4.3,0.0,43.0,APPLY,67.2,5,0,-,-0.1586,-0.0863,0.0222,-0.4123,flat,FALSE_POS,-15860.0
INE1ITY01011,Global Ocean Logistics India Ltd.,SME,,2025-12-24,Marwadi Chandarana Intermediaries,,12.8,30.0,NEUTRAL,43.8,2,1,obscure lead manager,1.0506,0.3621,0.4706,-0.3821,multibagger,FALSE_NEG,105064.0
INE1NQ501012,Neptune Logitek Ltd.,SME,,2025-12-22,Galactico Corporate,23.8,0.0,47.0,NEUTRAL,45.6,2,1,obscure lead manager,-0.6786,-0.5146,-0.3748,-0.6033,loser,TRUE_NEG,
INE1A6Q01010,Ashwini Container Movers Ltd.,SME,,2025-12-19,Corporate Professionals,3.5,0.0,71.0,NEUTRAL,61.5,5,1,obscure lead manager,0.0141,0.0278,0.1377,-0.2177,flat,TRUE_NEG,
INE19I001020,Exim Routes Ltd.,SME,,2025-12-19,Narnolia Financial,36.4,0.0,44.0,NEUTRAL,52.7,4,0,-,0.2625,0.1918,0.3016,-0.6095,winner,FALSE_NEG,26250.0
INE16QA01011,Stanbik Agro Ltd.,SME,,2025-12-19,Grow House Wealth,,0.0,12.0,NEUTRAL,70.2,5,1,obscure lead manager,0.1,0.0051,0.1149,-0.1471,flat,TRUE_NEG,
INE1E1V01017,HRS Aluglaze Ltd.,SME,,2025-12-18,Cumulative Capital,25.0,42.0,51.0,NEUTRAL,46.8,3,1,obscure lead manager,1.5469,0.9955,1.1044,-0.2882,multibagger,FALSE_NEG,154688.0
INE14LM01012,Pajson Agro India Ltd.,SME,,2025-12-18,Smart Horizon Capital,5.1,6.1,74.0,APPLY,65.0,5,0,-,0.6148,0.4539,0.5629,-0.3707,winner,TRUE_POS,
INE0O9L01010,Shipwaves Online Ltd.,SME,,2025-12-17,Finshore Management,,0.0,56.0,APPLY,58.6,5,0,-,-0.6858,-0.6333,-0.5543,-0.7096,loser,FALSE_POS,-68583.0
INE1FHV01026,Unisem Agritech Ltd.,SME,,2025-12-17,GetFive Advisors,,2.0,21.0,NEUTRAL,46.3,3,1,obscure lead manager,-0.2769,-0.0269,0.0522,-0.2768,loser,TRUE_NEG,
INE1DKT01011,Riddhi Display Equipments Ltd.,SME,,2025-12-15,Jawa Capital,1.0,4.7,25.0,NEUTRAL,63.4,5,1,obscure lead manager,-0.6367,-0.5914,-0.4908,-0.6871,loser,TRUE_NEG,
INE10XK01019,Prodocs Solutions Ltd.,SME,,2025-12-15,Cumulative Capital,,2.5,28.0,NEUTRAL,44.2,2,1,obscure lead manager,0.2674,0.2685,0.3691,-0.2601,winner,FALSE_NEG,26739.0
INE1IE301018,K.V.Toys India Ltd.,SME,,2025-12-15,GYR Capital,54.0,323.4,40.0,NEUTRAL,48.0,3,0,-,0.1653,-0.3601,-0.2595,-0.4706,flat,TRUE_NEG,
INE0SQZ01015,Flywings Simulator Training Centre Ltd.,SME,,2025-12-12,Sobhagya Capital,,0.0,57.0,AVOID,43.6,2,2,tiny pre-IPO sales;obscure lead manager,-0.1099,-0.1306,-0.0195,-0.3688,flat,TRUE_NEG,
INE433T01015,Encompass Design India Ltd.,SME,,2025-12-12,3Dimension Capital,74.8,0.0,40.0,NEUTRAL,52.5,4,1,obscure lead manager,1.0664,0.3823,0.4935,-0.2673,multibagger,FALSE_NEG,106636.0
INE0QZR01017,Methodhub Software Ltd.,SME,,2025-12-12,Horizon Management,8.8,27.0,102.0,NEUTRAL,51.2,4,0,-,-0.5459,-0.3551,-0.2439,-0.6053,loser,TRUE_NEG,
INE1MF401019,Western Overseas Study Abroad Ltd.,SME,,2025-12-11,Sobhagya Capital,8.9,0.0,10.0,AVOID,54.1,4,2,tiny pre-IPO sales;obscure lead manager,-0.6696,-0.6175,-0.5303,-0.6977,loser,TRUE_NEG,
INE1CJB01013,Luxury Time Ltd.,SME,,2025-12-11,GYR Capital,120.7,553.9,19.0,NEUTRAL,54.2,4,0,-,-0.1159,-0.628,-0.5408,-0.6491,flat,TRUE_NEG,
INE1V4601019,Shri Kanha Stainless Ltd.,SME,,2025-12-10,Kreo Capital,12.2,0.0,46.0,NEUTRAL,48.7,3,1,obscure lead manager,-0.6922,-0.7261,-0.6527,-0.8104,loser,TRUE_NEG,
INE21UM01018,Neochem Bio Solutions Ltd.,SME,,2025-12-09,Vivro Financial,2.0,0.0,45.0,APPLY,63.1,5,0,-,-0.0536,-0.2844,-0.2234,-0.4343,flat,—,
INE1FJE01010,Helloji Holidays Ltd.,SME,,2025-12-09,Khambatta Securities,7.6,28.1,11.0,APPLY,62.3,5,0,-,0.1017,0.0109,0.072,-0.2267,flat,—,
INE0W4D01018,Ravelcare Ltd.,SME,,2025-12-08,Marwadi Chandarana Intermediaries,57.7,406.7,24.0,NEUTRAL,60.8,5,1,obscure lead manager,-0.0488,-0.2016,-0.1272,-0.3942,flat,TRUE_NEG,
INE1EF801010,Clear Secured Services Ltd.,SME,,2025-12-08,Horizon Management,2.3,0.0,86.0,NEUTRAL,51.8,4,0,-,-0.1856,-0.0279,0.0466,-0.4076,flat,TRUE_NEG,
INE1CW901027,Speb Adhesives Ltd.,SME,,2025-12-08,Unistone Capital,,0.0,34.0,APPLY,55.2,5,0,-,0.7232,-0.0737,0.0008,-0.1353,winner,TRUE_POS,
INE0XJ501010,Invicta Diagnostic Ltd.,SME,,2025-12-08,Socradamus Capital,3.5,0.0,28.0,NEUTRAL,52.5,4,1,obscure lead manager,-0.2412,-0.3588,-0.2844,-0.3893,loser,TRUE_NEG,
INE0RUY01012,Astron Multigrain Ltd.,SME,,2025-12-08,Finaax Advisors,19.1,0.0,18.0,NEUTRAL,55.8,5,1,obscure lead manager,-0.7317,-0.6418,-0.5674,-0.6759,loser,TRUE_NEG,
INE0VDK01019,Purple Wave Infocom Ltd.,SME,,2025-12-05,Smart Horizon Capital,,6.5,31.0,NEUTRAL,53.3,4,0,-,-0.127,-0.0973,-0.031,-0.2231,flat,TRUE_NEG,
INE1BA901016,Logiciel Solutions Ltd.,SME,,2025-12-05,Fintellectual Corporate,20.7,2.0,40.0,AVOID,46.0,3,2,tiny pre-IPO sales;obscure lead manager,-0.7749,-0.768,-0.7017,-0.7928,loser,TRUE_NEG,
INE1E4401010,Exato Technologies Ltd.,SME,,2025-12-05,GYR Capital,125.0,881.0,37.0,NEUTRAL,48.3,3,0,-,1.5954,0.1071,0.1733,-0.3165,multibagger,FALSE_NEG,159536.0
INE0EOJ01014,K K Silk Mills Ltd.,SME,,2025-12-03,Axial Capital,18.4,5.4,29.0,NEUTRAL,42.9,2,1,obscure lead manager,-0.7321,-0.6382,-0.5802,-0.6974,loser,TRUE_NEG,
INE0UH001016,Mother Nutri Foods Ltd.,SME,,2025-12-03,Marwadi Chandarana Intermediaries,,14.4,40.0,NEUTRAL,54.6,4,1,obscure lead manager,0.4615,0.1669,0.2249,-0.2208,winner,FALSE_NEG,46154.0
INE1U2R01013,SSMD Agrotech India Ltd.,SME,,2025-12-02,3Dimension Capital,4.1,1.7,34.0,NEUTRAL,44.9,2,1,obscure lead manager,-0.4917,-0.5238,-0.479,-0.5688,loser,TRUE_NEG,
INE12UN01015,Shadowfax Technologies Ltd.,MB,Services,2026-01-28,ICICI Securities,2.8,2.7,1907.0,APPLY,57.8,5,0,-,0.6215,0.5097,0.5557,-0.1384,winner,TRUE_POS,
INE121R01077,Amagi Media Labs Ltd.,MB,Information Technology,2026-01-21,Kotak Mahindra Capital,11.1,30.2,1789.0,NEUTRAL,62.7,5,1,loss-making at IPO,0.167,0.077,0.1079,-0.2402,flat,TRUE_NEG,
INE05XR01022,Bharat Coking Coal Ltd.,MB,Energy,2026-01-19,IDBI Capital,43.5,146.9,1069.0,APPLY,67.1,5,0,-,0.8139,-0.1168,-0.0691,-0.2643,winner,TRUE_POS,
INE1HK501016,Modern Diagnostic & Research Centre Ltd.,SME,Healthcare,2026-01-07,Beeline Capital,15.6,,37.0,APPLY,57.7,5,0,-,-0.3333,-0.2418,-0.1598,-0.4355,loser,FALSE_POS,-33333.0
INE1CEJ01017,E to E Transportation Infrastructure Ltd.,SME,,2026-01-02,Hem Securities,93.1,0.0,84.0,NEUTRAL,46.1,2,0,-,0.6911,-0.4396,-0.3023,-0.4681,winner,FALSE_NEG,69109.0
INE0UCL01011,Shayona Engineering Ltd.,SME,Industrials,2026-01-30,Horizon Management,2.8,,15.0,NEUTRAL,51.6,4,1,tiny pre-IPO sales,-0.059,-0.1391,-0.0868,-0.1563,flat,TRUE_NEG,
INE1MTV01019,KRM Ayurveda Ltd.,SME,Healthcare,2026-01-29,NEXGEN Financial Solutions,13.3,74.3,77.0,NEUTRAL,56.9,5,1,obscure lead manager,0.7741,0.3088,0.3647,-0.2181,winner,FALSE_NEG,77407.0
INE1OOT01028,Digilogic Systems Ltd.,SME,Industrials,2026-01-28,Indorient Financial,4.8,1.1,81.0,APPLY,64.8,5,0,-,0.0947,0.2271,0.273,-0.1833,flat,—,
INE1D8001016,Aritas Vinyl Ltd.,SME,Consumer Discretionary,2026-01-23,Interactive Financial,17.0,2.2,38.0,NEUTRAL,52.5,4,0,-,-0.7047,-0.6372,-0.5912,-0.6954,loser,TRUE_NEG,
INE0TZX01019,Armour Security India Ltd.,SME,Services,2026-01-22,Sobhagya Capital,1.8,1.8,27.0,NEUTRAL,43.2,2,1,obscure lead manager,-0.6491,-0.5121,-0.4679,-0.564,loser,TRUE_NEG,
INE0U8P01015,GRE Renew Enertech Ltd.,SME,Industrials,2026-01-21,Share India Capital,8.6,16.5,40.0,APPLY,60.9,5,0,-,0.4476,0.1952,0.2262,-0.1259,winner,TRUE_POS,
INE0WKY01013,INDO SMC Ltd.,SME,Industrials,2026-01-21,GYR Capital,16.8,110.5,92.0,APPLY,59.6,5,0,-,0.8792,0.355,0.386,-0.2325,winner,TRUE_POS,
INE0S1B01014,Narmadesh Brass Industries Ltd.,SME,Industrials,2026-01-21,Aryaman Financial,,,45.0,NEUTRAL,52.9,4,0,-,-0.3113,-0.4992,-0.4682,-0.681,loser,TRUE_NEG,
INE1KU201016,Avana Electrosystems Ltd.,SME,Industrials,2026-01-20,Indcap,8.5,131.8,35.0,NEUTRAL,65.3,5,1,obscure lead manager,1.3619,0.556,0.582,-0.2217,multibagger,FALSE_NEG,136186.0
INE0ZE201010,Defrail Technologies Ltd.,SME,Industrials,2026-01-19,NEXGEN Financial Solutions,6.8,105.5,14.0,NEUTRAL,57.9,5,1,obscure lead manager,0.0068,-0.1423,-0.0946,-0.4274,flat,TRUE_NEG,
INE0F8901022,Victory Electric Vehicles International Ltd.,SME,Consumer Discretionary,2026-01-14,Corpwis,,,35.0,NEUTRAL,49.5,3,1,obscure lead manager,-0.5549,-0.4809,-0.425,-0.5725,loser,TRUE_NEG,
INE0CNJ01010,Yajur Fibres Ltd.,SME,Consumer Discretionary,2026-01-14,Horizon Management,34.5,1.3,120.0,NEUTRAL,53.4,4,0,-,-0.7704,-0.579,-0.5231,-0.7286,loser,TRUE_NEG,
INE1H1501013,Gabion Technologies India Ltd.,SME,Industrials,2026-01-13,GYR Capital,30.9,826.0,29.0,APPLY,58.9,5,0,-,-0.1852,-0.363,-0.2896,-0.5105,flat,FALSE_POS,-18518.0
INE0P8B01020,Gaudium IVF & Women Health Ltd.,MB,Healthcare,2026-02-27,Sarthi Capital Advisors,,7.3,165.0,APPLY,53.0,5,0,-,0.3392,0.458,0.5228,-0.2544,winner,TRUE_POS,
INE501X01029,Aye Finance Ltd.,MB,Financial Services,2026-02-16,Axis Capital,5.4,1.0,1010.0,APPLY,70.4,5,0,-,0.1384,-0.0062,0.0729,-0.3325,flat,—,
INE212S01015,Fractal Analytics Ltd.,MB,Information Technology,2026-02-16,Kotak Mahindra Capital,18.3,2.7,2834.0,APPLY,67.9,5,0,-,0.1166,0.0914,0.1706,-0.1673,flat,—,
INE1ERK01013,Manilam Industries India Ltd.,SME,Consumer Discretionary,2026-02-27,NEXGEN Financial Solutions,,6.2,40.0,NEUTRAL,47.1,3,1,obscure lead manager,-0.1159,0.2393,0.304,-0.104,flat,TRUE_NEG,
INE1O6P01016,Yashhtej Industries (India) Ltd.,SME,Fast Moving Consumer Goods,2026-02-25,Erudore Capital,,,89.0,NEUTRAL,61.2,5,1,obscure lead manager,-0.4959,-0.2225,-0.1607,-0.5627,loser,TRUE_NEG,
INE1W3Q01011,Fractal Industries Ltd.,SME,Consumer Discretionary,2026-02-24,Finaax Advisors,2.3,5.4,49.0,NEUTRAL,48.5,3,1,obscure lead manager,-0.0002,-0.0122,0.0472,-0.1034,flat,TRUE_NEG,
INE0X7G01013,Marushika Technology Ltd.,SME,Information Technology,2026-02-19,NEXGEN Financial Solutions,1.7,17.9,27.0,NEUTRAL,66.2,5,1,obscure lead manager,-0.2735,-0.2105,-0.1398,-0.2899,loser,TRUE_NEG,
INE0XW001014,Biopol Chemicals Ltd.,SME,Commodities,2026-02-13,Smart Horizon Capital,3.7,22.3,31.0,APPLY,69.8,5,0,-,0.0042,0.2133,0.285,-0.1977,flat,—,
INE1N9E01015,PAN HR Solutions Ltd.,SME,,2026-02-13,Marwadi Chandarana Intermediaries,,,17.0,NEUTRAL,49.9,3,1,obscure lead manager,-0.191,-0.1725,-0.1008,-0.4208,flat,TRUE_NEG,
INE1TY801010,Grover Jewells Ltd.,SME,Consumer Discretionary,2026-02-11,Finshore Management,2.3,19.2,34.0,NEUTRAL,45.9,2,0,-,0.3568,0.3889,0.4868,-0.5952,winner,FALSE_NEG,35682.0
INE0XUD01014,Brandman Retail Ltd.,SME,Consumer Discretionary,2026-02-11,Gretex Corporate,10.2,114.5,86.0,NEUTRAL,53.3,4,0,-,-0.0909,0.0182,0.1161,-0.5248,flat,TRUE_NEG,
INE0SMX01019,CKK Retail Mart Ltd.,SME,Fast Moving Consumer Goods,2026-02-06,Oneview Corporate,,1.6,88.0,APPLY,66.3,5,0,-,-0.0982,-0.3035,-0.2445,-0.5632,flat,FALSE_POS,-9816.0
INE2B5L01011,Msafe Equipments Ltd.,SME,Commodities,2026-02-04,Seren Capital,5.7,166.7,66.0,NEUTRAL,67.5,5,1,obscure lead manager,0.2585,-0.0695,-0.0135,-0.2891,winner,FALSE_NEG,25854.0
INE163401016,Kanishk Aluminium India Ltd.,SME,Commodities,2026-02-04,Sun Capital,9.6,0.9,29.0,NEUTRAL,65.0,5,1,obscure lead manager,-0.5685,-0.3165,-0.2604,-0.5858,loser,TRUE_NEG,
INE1KVQ01019,Accretion Nutraveda Ltd.,SME,Healthcare,2026-02-04,Sobhagya Capital,3.1,1.8,25.0,AVOID,48.4,3,2,tiny pre-IPO sales;obscure lead manager,1.0814,0.3494,0.4054,-0.1846,multibagger,FALSE_NEG,108140.0
INE0T1301023,Kasturi Metal Composite Ltd.,SME,Industrials,2026-02-03,Hem Securities,,,18.0,NEUTRAL,54.5,4,0,-,-0.2188,-0.042,0.0239,-0.3358,loser,TRUE_NEG,
INE0JVH01012,Hannah Joseph Hospital Ltd.,SME,Healthcare,2026-02-01,Capital Square,2.9,1.5,42.0,NEUTRAL,53.2,4,1,obscure lead manager,0.4286,0.0974,0.1497,-0.1878,winner,FALSE_NEG,42857.0
INE05HV01027,Central Mine Planning & Design Institute Ltd.,MB,Industrials,2026-03-30,IDBI Capital,2.9,1.1,1841.0,APPLY,84.9,5,0,-,0.3795,0.2032,0.1205,-0.0783,winner,TRUE_POS,
INE713R01022,GSP Crop Science Ltd.,MB,Commodities,2026-03-24,Equirus Capital,0.6,1.6,400.0,APPLY,53.0,5,0,-,0.3755,0.1641,0.109,-0.0639,winner,TRUE_POS,
INE0ADB01012,Innovision Ltd.,MB,Services,2026-03-23,Emkay Global,11.6,3.3,319.0,NEUTRAL,50.9,5,1,obscure lead manager,-0.4305,-0.08,-0.1629,-0.2432,loser,TRUE_NEG,
INE313L01016,Rajputana Stainless Ltd.,MB,Industrials,2026-03-19,Nirbhay Capital,1.2,1.1,255.0,NEUTRAL,50.6,5,1,obscure lead manager,0.0705,0.117,0.0582,-0.1188,flat,TRUE_NEG,
INE00XB01019,SEDEMAC Mechatronics Ltd.,MB,Consumer Discretionary,2026-03-11,ICICI Securities,4.3,2.7,1087.0,APPLY,65.3,5,0,-,0.7555,0.1354,0.1277,-0.0462,winner,TRUE_POS,
INE0UH301010,Omnitech Engineering Ltd.,MB,Industrials,2026-03-05,Equirus Capital,6.2,1.1,583.0,APPLY,66.5,5,0,-,1.2256,1.4791,1.5283,-0.1397,multibagger,TRUE_POS,
INE1RDG01013,PNGS Reva Diamond Jewellery Ltd.,MB,Consumer Discretionary,2026-03-04,Smart Horizon Capital,5.2,1.2,380.0,NEUTRAL,44.7,4,0,-,-0.012,-0.0877,-0.0496,-0.2009,flat,TRUE_NEG,
INE647U01026,Clean Max Enviro Energy Solutions Ltd.,MB,Utilities,2026-03-02,Axis Capital,3.3,0.9,3080.0,APPLY,72.5,5,0,-,0.1557,0.2569,0.3099,-0.2011,flat,—,
INE19GK01015,Shree Ram Twistex Ltd.,MB,Consumer Discretionary,2026-03-02,Interactive Financial,4.8,43.6,110.0,NEUTRAL,37.0,3,0,-,-0.6008,-0.4126,-0.3596,-0.4273,loser,TRUE_NEG,
INE0R0M01014,Speciality Medicines Ltd.,SME,Healthcare,2026-03-30,Unistone Capital,,2.3,29.0,APPLY,58.6,5,0,-,0.7423,1.7625,1.6798,-0.4264,winner,TRUE_POS,
INE1TFS01019,Novus Loyalty Ltd.,SME,Consumer Discretionary,2026-03-25,Smart Horizon Capital,,1.6,60.0,NEUTRAL,51.0,4,0,-,-0.0137,0.2196,0.1942,-0.2985,flat,TRUE_NEG,
INE1OOJ01011,Apsis Aerocom Ltd.,SME,Industrials,2026-03-18,Oneview Corporate,8.2,129.3,36.0,NEUTRAL,71.8,5,1,tiny pre-IPO sales,1.575,0.564,0.5397,-0.1709,multibagger,FALSE_NEG,157500.0
INE0TPJ01019,Srinibas Pradhan Constructions Ltd.,SME,Industrials,2026-03-13,Novus Capital,,,20.0,APPLY,60.6,5,0,-,0.4286,0.1494,0.1106,-0.2109,winner,TRUE_POS,
INE1FEW01013,Elfin Agro India Ltd.,SME,Fast Moving Consumer Goods,2026-03-12,Finshore Management,,1.4,25.0,APPLY,66.5,5,0,-,0.4894,0.0819,0.0645,-0.0861,winner,TRUE_POS,
INE1J6M01010,Acetech E-Commerce Ltd.,SME,Consumer Discretionary,2026-03-09,Gretex Corporate,,1.1,49.0,NEUTRAL,50.1,3,0,-,0.1786,0.1454,0.1467,-0.2045,flat,TRUE_NEG,
INE1XWN01017,Striders Impex Ltd.,SME,Consumer Discretionary,2026-03-06,Capital Square,,1.2,36.0,NEUTRAL,48.7,3,1,obscure lead manager,-0.0688,0.0083,0.0452,-0.3208,flat,TRUE_NEG,
INE0U0J01015,Yaap Digital Ltd.,SME,Consumer Discretionary,2026-03-05,Socradamus Capital,,4.3,80.0,NEUTRAL,57.4,5,1,obscure lead manager,0.3779,0.4863,0.5355,-0.0911,winner,FALSE_NEG,37793.0
INE132201018,Accord Transformer & Switchgear Ltd.,SME,Industrials,2026-03-02,GYR Capital,8.7,,26.0,APPLY,60.2,5,0,-,0.3017,0.1194,0.1724,-0.2547,winner,TRUE_POS,
INE1YNB01019,Mobilise App Lab Ltd.,SME,Information Technology,2026-03-02,Corporate Capitalventures,5.0,,20.0,NEUTRAL,66.4,5,1,tiny pre-IPO sales,0.3375,0.6939,0.7469,-0.3314,winner,FALSE_NEG,33750.0
INE1C3F01018,Kiaasa Retail Ltd.,SME,Consumer Discretionary,2026-03-02,Expert Global,20.5,2.0,70.0,NEUTRAL,48.5,3,0,-,-0.6685,-0.6252,-0.5722,-0.6608,loser,TRUE_NEG,
INE25E901019,Om Power Transmission Ltd.,MB,Industrials,2026-04-17,Beeline Capital,0.9,3.3,150.0,NEUTRAL,43.0,4,0,-,0.0431,-0.0446,-0.0155,-0.1707,flat,TRUE_NEG,
INE921L01032,Powerica Ltd.,MB,Industrials,2026-04-02,ICICI Securities,2.0,1.4,1100.0,APPLY,82.3,5,0,-,0.2653,0.256,0.1995,-0.1302,winner,TRUE_POS,
INE05TO01019,Amir Chand Jagdish Kumar (Exports) Ltd.,MB,Fast Moving Consumer Goods,2026-04-02,Emkay Global,1.6,3.2,440.0,NEUTRAL,39.8,4,1,obscure lead manager,-0.4301,-0.2528,-0.3093,-0.3345,loser,TRUE_NEG,
INE0H9F01037,Sai Parenteral's Ltd.,MB,,2026-04-02,Arihant Capital,,1.1,409.0,NEUTRAL,48.4,5,1,obscure lead manager,0.3908,0.1981,0.1415,-0.0719,winner,FALSE_NEG,39082.0
INE20PL01012,Adisoft Technologies Ltd.,SME,Industrials,2026-04-30,Hem Securities,5.8,77.5,74.0,APPLY,77.5,5,0,-,0.2209,0.0516,0.0703,-0.2212,winner,TRUE_POS,
INE1K0V01011,Mehul Telecom Ltd.,SME,Consumer Discretionary,2026-04-24,Cumulative Capital,4.1,44.9,28.0,AVOID,40.9,1,1,obscure lead manager,-0.0487,-0.0972,-0.0898,-0.2513,flat,TRUE_NEG,
INE0UMH01018,Safety Controls & Devices Ltd.,SME,Industrials,2026-04-13,Sobhagya Capital,,,48.0,NEUTRAL,51.9,4,1,obscure lead manager,0.0,0.1527,0.1707,-0.233,flat,TRUE_NEG,
INE1OSW01015,Emiac Technologies Ltd.,SME,Consumer Discretionary,2026-04-13,Smart Horizon Capital,,3.2,32.0,NEUTRAL,48.9,3,0,-,0.0296,-0.0321,-0.014,-0.2093,flat,TRUE_NEG,
INE24H301028,Vivid Electromech Ltd.,SME,Industrials,2026-04-07,Hem Securities,,1.1,131.0,APPLY,70.5,5,0,-,0.7425,0.3038,0.2518,-0.1421,winner,TRUE_POS,
INE1KI801019,Highness Microelectronics Ltd.,SME,Industrials,2026-04-02,Fintellectual Corporate,5.8,193.9,22.0,AVOID,53.8,4,2,tiny pre-IPO sales;obscure lead manager,0.3029,-0.0092,-0.0658,-0.2399,winner,FALSE_NEG,30292.0
INE1U6D01014,Tipco Engineering India Ltd.,SME,Industrials,2026-04-01,Smart Horizon Capital,,,61.0,APPLY,69.3,5,0,-,0.7596,0.3563,0.2982,-0.1471,winner,TRUE_POS,
INE12F801023,OnEMI Technology Solutions Ltd.,MB,Financial Services,2026-05-08,JM Financial,10.5,9.5,926.0,APPLY,59.0,5,0,-,0.5781,,,-0.0686,winner,TRUE_POS,
INE1G2W01011,Q-Line Biotech Ltd.,SME,Healthcare,2026-05-29,Hem Securities,18.9,102.4,214.0,APPLY,58.9,5,0,-,0.4427,,,-0.0448,winner,TRUE_POS,
INE18HI01019,Autofurnish Ltd.,SME,Consumer Discretionary,2026-05-29,Novus Capital,,1.2,15.0,NEUTRAL,42.3,2,0,-,0.1073,,,-0.0741,flat,TRUE_NEG,
INE1BKA01015,Bio Medica Laboratories Ltd.,SME,Healthcare,2026-05-29,Narnolia Financial,1.4,2.3,52.0,NEUTRAL,54.8,4,0,-,-0.1187,,,-0.0833,flat,TRUE_NEG,
INE1L3801017,Vegorama Punjabi Angithi Ltd.,SME,Consumer Discretionary,2026-05-27,Corporate Makers,19.5,35.1,38.0,AVOID,38.2,1,1,obscure lead manager,0.8526,,,-0.0499,winner,FALSE_NEG,85260.0
INE2OL601013,Teamtech Formwork Solutions Ltd.,SME,Commodities,2026-05-26,GetFive Advisors,7.9,,50.0,NEUTRAL,60.6,5,1,obscure lead manager,0.2127,,,-0.0404,winner,FALSE_NEG,21270.0
INE0T1501010,NFP Sampoorna Foods Ltd.,SME,Fast Moving Consumer Goods,2026-05-25,3Dimension Capital,14.6,1.6,25.0,NEUTRAL,59.8,5,1,obscure lead manager,-0.34,,,-0.2992,loser,TRUE_NEG,
INE0V2V01015,RFBL Flexi Pack Ltd.,SME,Industrials,2026-05-19,Grow House Wealth,4.0,21.5,35.0,NEUTRAL,50.8,4,1,obscure lead manager,0.405,,,-0.1418,winner,FALSE_NEG,40500.0
INE1CLW01015,Goldline Pharmaceutical Ltd.,SME,Healthcare,2026-05-19,Cumulative Capital,16.3,840.7,12.0,NEUTRAL,50.4,3,1,obscure lead manager,0.0523,,,-0.2433,flat,TRUE_NEG,
INE1K4J01018,Simca Advertising Ltd.,SME,Consumer Discretionary,2026-05-15,Socradamus Capital,6.0,80.9,58.0,NEUTRAL,46.6,3,1,obscure lead manager,-0.2574,,,-0.1703,loser,TRUE_NEG,
INE2B6701015,Recode Studios Ltd.,SME,Fast Moving Consumer Goods,2026-05-12,Seren Capital,32.9,234.6,45.0,NEUTRAL,60.1,5,1,obscure lead manager,0.1373,,,-0.1969,flat,TRUE_NEG,
INE1E7Y01018,Value 360 Communications Ltd.,SME,Consumer Discretionary,2026-05-11,Horizon Management,,1.2,42.0,NEUTRAL,46.2,2,0,-,-0.277,,,-0.1513,loser,TRUE_NEG,
INE293601014,Amba Auto Sales & Services Ltd.,SME,Consumer Discretionary,2026-05-05,Capital Square,,,65.0,NEUTRAL,45.6,2,1,obscure lead manager,-0.3652,-0.3988,-0.3786,-0.4772,loser,TRUE_NEG,
INE1KVL01010,Aureate Tradde Ltd.,SME,,2026-06-05,Corporate Makers,12.9,1.4,27.0,AVOID,37.3,1,1,obscure lead manager,-0.05,,,0.0,flat,TRUE_NEG,
INE1GM501015,Rajnandini Fashion India Ltd.,SME,Consumer Discretionary,2026-06-03,Seren Capital,9.5,,18.0,AVOID,37.7,1,1,obscure lead manager,-0.1321,,,-0.0972,flat,TRUE_NEG,
INE1T6L01010,Yaashvi Jewellers Ltd.,SME,Consumer Discretionary,2026-06-02,Smart Horizon Capital,,5.6,44.0,NEUTRAL,43.7,2,0,-,0.0004,,,-0.0627,flat,TRUE_NEG,
INE0YD301010,M R Maniveni Foods Ltd.,SME,Fast Moving Consumer Goods,2026-06-01,Capital Square,,1.7,27.0,NEUTRAL,55.5,5,1,obscure lead manager,-0.2437,,,-0.0498,loser,TRUE_NEG,
INE1UYW01010,Harikanta Overseas Ltd.,SME,Consumer Discretionary,2026-06-02,Interactive Financial,,1.1,24.0,AVOID,40.9,1,0,-,-0.128,,,-0.0499,flat,TRUE_NEG,
