isin,score,n14_flags
INE061F01013,32.76224919976402,0
INE797H01018,34.312249199764025,0
INE788H01017,34.312249199764025,0
INE042H01019,35.495582533097355,0
INE287C01037,35.495582533097355,0
INE070I01018,27.162249199764023,1
INE228I01012,26.67891586643069,1
INE489H01020,34.312249199764025,0
INE508G01029,29.27891586643069,1
INE408H01012,31.962249199764027,1
INE172I01012,43.79621359979774,0
INE189I01024,39.84372454378087,0
INE974H01013,39.21039121044753,0
INE945H01021,38.6770578771142,0
INE271C01023,38.2270578771142,0
INE924H01018,37.64372454378087,0
INE106I01010,37.09372454378087,0
INE221I01017,38.2270578771142,0
INE684H01018,38.2270578771142,0
INE274I01016,37.64372454378087,0
INE191I01012,37.09372454378087,0
INE102I01027,36.5270578771142,0
INE678H01010,36.1770578771142,0
INE898F01018,27.19372454378087,1
INE385I01010,35.04372454378087,0
INE800H01010,35.04372454378087,0
INE810H01019,33.807478180383605,1
INE414I01018,34.34372454378087,0
INE225I01026,39.96694246609788,0
INE056I01025,33.4270578771142,0
INE483A01010,33.21039121044753,0
INE105I01020,24.8770578771142,1
INE022I01019,32.94372454378087,0
INE142I01023,32.94372454378087,0
INE930H01031,32.79372454378087,0
INE323I01011,32.94372454378087,0
INE338I01027,33.21039121044753,0
INE227G01018,24.8770578771142,1
INE387I01016,25.705304755319585,1
INE455I01029,37.484119877496646,0
INE752E01010,36.78411987749665,0
INE406I01014,34.35869980117031,1
INE429I01024,37.39056643469869,0
INE406H01016,29.221679566521335,1
INE550H01011,38.31901254998691,0
INE320H01019,24.21017402243776,3
INE369I01014,38.3014079323823,0
INE720H01010,38.92850577622219,0
INE621H01010,42.703739928962584,0
INE032G01012,43.20606279625365,0
INE575I01016,42.17040659562925,0
INE335I01056,33.83707326229592,1
INE180G01019,41.72040659562925,0
INE742F01042,42.6189001985632,0
INE532F01054,42.68200185697659,0
INE722H01024,42.36700249972968,0
INE094I01018,41.64866852364326,0
INE234I01028,33.00033583306301,1
INE668F01031,41.374359902753035,0
INE763I01026,41.062182795409186,0
INE738I01010,40.14894694417412,0
INE791I01019,40.2802841965589,0
INE661I01014,39.41399499775006,0
INE817H01014,31.174706756614352,1
INE298I01015,31.787533009445962,1
INE688I01017,46.59761240171521,0
INE614G01033,46.2906212972467,0
INE576I01022,45.58537696542995,0
INE792I01017,27.97221806824633,0
INE634I01029,44.77467456631109,0
INE809I01019,30.78859592021981,1
INE863I01016,39.974741496657956,0
INE964H01014,40.78062433261333,0
INE474I01012,40.69729099927999,0
INE871H01011,27.939092253743695,1
INE020B01018,40.29151914549252,0
INE951I01027,46.52085599284447,0
INE181G01025,35.1491724447748,1
INE686I01011,41.17777035777506,0
INE615H01020,43.42381181888373,0
INE415I01015,39.83136777688363,0
INE778I01024,31.68170791293805,1
INE450H01014,45.48136777688362,0
INE020J01029,47.283327606455906,0
INE368I01016,36.140367366436486,1
INE878I01022,45.76547009211601,0
INE955I01044,37.41632080373481,1
INE207I01016,42.47441811365737,0
INE877I01016,42.3574058484276,0
INE315J01015,45.55153475474008,0
INE947I01017,41.88213675878268,0
INE143H01015,52.31969509476712,0
INE323J01019,33.67649582918247,1
INE655I01024,33.00982916251581,1
INE108J01014,40.10778571490442,0
INE318J01027,38.69096115790463,1
INE774I01031,47.630593782023695,0
INE455J01019,35.40631094389499,1
INE144J01027,41.26059472591598,0
INE213J01012,34.7169995214495,1
INE773I01017,35.7954244348163,1
INE889J01019,44.697082398915065,1
INE998I01010,43.230013430289404,1
INE688J01023,44.54062410445044,0
INE294G01026,44.90502686022452,0
INE814H01029,64.21606015346134,0
INE848E01016,63.74939348679467,0
INE904J01016,38.70897248823761,1
INE615I01010,46.25423600049484,1
INE274J01014,61.982726820128,0
INE542F01020,49.75459368413042,0
INE063J01011,49.999300250815686,0
INE201K01015,41.93973117836779,0
INE399K01017,40.421242803215925,1
INE947J01015,36.94230582157095,1
INE563J01010,47.21513495633093,0
INE008I01026,44.59230582157095,0
INE121E01018,61.982726820128,0
INE484J01027,47.38818336492992,0
INE950I01011,46.756005771444585,0
INE912H01013,45.38515625693461,0
INE486J01014,48.8614192702784,0
INE797F01020,47.38818336492992,0
INE602K01014,38.64443719375915,0
INE893I01013,44.59230582157095,0
INE085J01014,45.22267243811124,0
INE544K01018,46.729728189328405,0
INE879I01012,48.10457613654926,0
INE753K01015,38.40823868036816,0
INE982F01036,41.92563915490428,0
INE267I01010,46.132633584149026,0
INE141K01013,45.649300250815685,0
INE949H01023,45.20682713253612,0
INE695A01019,45.2872705560958,0
INE656K01010,44.32240676075698,0
INE975G01012,41.38250127843519,0
INE495J01015,39.30897248823762,0
INE262H01021,55.482726820128,0
INE553K01019,54.01127018827821,0
INE566K01011,39.30897248823762,0
INE516K01024,38.725639154904286,0
INE502K01016,41.23769070420367,0
INE639K01016,42.75459368413042,0
INE747K01017,35.69930025081569,1
INE087J01028,39.51848959026794,0
INE002L01015,54.34939348679467,0
INE099J01015,42.899300250815685,0
INE028L21018,45.3157889238957,0
INE618H01016,43.13344184678251,0
INE509K01011,39.99916030097883,0
INE871K01015,44.97377686022452,0
INE900K01012,34.2668087373353,1
INE091K01010,43.167637542173814,1
INE180K01011,50.28826715351818,0
INE933K01021,47.002337077089045,0
INE696K01024,49.999300250815686,0
INE517F01014,54.66191463746495,0
INE866K01023,49.31596691748236,0
INE019J01013,46.045307887549804,0
INE521J01018,45.33825682558082,0
INE416L01017,43.327970248334964,0
INE874I01013,38.97349379920279,1
INE999K01014,44.75332428865193,0
INE481K01013,43.9816708352015,0
INE528K01029,36.16368592927059,1
INE068L01024,31.577970248334964,1
INE904H01010,47.52225735784202,0
INE956G01038,52.252128520988435,0
INE351L01016,38.34463691500164,0
INE844K01012,35.11596691748235,1
INE442H01029,43.64016046586946,0
INE209L01016,38.69475260361174,0
INE093I01010,39.31972940004815,0
INE482J01021,35.36039012512907,0
INE043K01029,37.97951746542625,0
INE811K01011,39.31972940004815,0
INE522F01014,51.92057821336766,0
INE024L01027,45.42126035079709,0
INE324L01013,32.69919890572955,1
INE490G01020,50.30212852098844,0
INE562G01018,47.71386920111777,0
INE619I01012,40.066141110504994,0
INE722J01012,21.648784953833452,1
INE608A01012,46.53053586778443,0
INE268L01046,33.37543777740211,0
INE378J01013,40.00467281757153,0
INE422B01016,43.61781299455955,0
INE474L01016,38.265451620500116,0
INE055L01013,43.026633339927415,1
INE384L01017,34.98865339373974,1
INE045J01034,44.85416258755394,1
INE597L01014,46.3442867190387,0
INE560K01014,47.89760157755429,0
INE510K01019,33.10335036222689,1
INE414G01012,53.48216751571022,1
INE702L01010,34.10192179079832,1
INE220J01025,48.753895864440416,0
INE431L01016,30.87079967019355,1
INE549I01011,41.8995572427351,1
INE263L01013,28.609530562081563,1
INE928K01013,44.3297622788317,0
INE932K01015,28.118406454638773,1
INE346L01016,40.233832206054565,0
INE573K01025,45.36376594782024,0
INE341L01017,35.038653393739736,1
INE524L01026,28.992444580123202,1
INE224M01013,36.30173978797211,0
INE878H01024,27.515575422598037,1
INE498L01015,59.62057821336765,0
INE040M01013,42.41723981659526,0
INE650L01011,30.515575422598037,1
INE419M01027,36.521178111712324,1
INE219H01039,43.13049127136737,0
INE590L01019,28.635073121305442,1
INE457L01029,46.9702229909047,0
INE023M01027,32.25815899927048,1
INE123M01017,43.77529584188945,0
INE440L01017,40.589378160676866,0
INE912L01015,26.80173978797211,1
INE889I01011,41.55393722856713,1
INE060J01017,26.775382479820138,0
INE899L01030,32.18988735873642,1
INE337M01021,50.40416258755394,0
INE745G01043,62.443783651335515,0
INE550L01013,37.26079853116324,1
INE095N01031,51.79875293602362,0
INE472M01018,45.24413186449658,0
INE760L01018,39.94960679578734,1
INE247M01014,47.74960679578734,0
INE213M01024,45.113634103976096,0
INE799L01016,48.67503265905236,0
INE752H01013,55.09682785770493,0
INE785M01021,60.07393631305229,0
INE121J01017,44.03494080519284,1
INE665J01013,59.25726964638563,0
INE612J01015,57.4435643070804,0
INE599M01018,60.5160361051521,0
INE594O01015,55.929500000000004,1
INE926O01019,55.428250000000006,1
INE279P01036,55.73733333333333,1
INE596O01010,53.51441666666667,1
INE427O01018,38.95666666666666,2
INE962O01014,63.958333333333336,0
INE326P01019,63.583333333333336,0
INE218P01018,63.208333333333336,0
INE325P01011,62.833333333333336,0
INE828O01033,62.833333333333336,0
INE536P01021,62.2423076923077,0
INE486P01011,63.2173076923077,0
INE140B01048,57.81562918574635,0
INE442P01014,57.81562918574635,0
INE212P01011,58.33229585241302,0
INE567P01018,54.00274355441645,1
INE826P01018,62.18607688774978,0
INE210P01015,61.91941022108312,0
INE920P01019,61.55274355441645,0
INE782L01012,67.00234824167269,0
INE905P01028,66.75234824167269,0
INE576P01019,66.4523482416727,0
INE084Q01012,66.4523482416727,0
INE009Q01019,51.08493836101785,3
INE732P01018,51.3460704518422,2
INE012Q01039,68.367732262284,0
INE066O01014,63.031444665730454,0
INE191P01017,68.867732262284,0
INE502O01018,62.17615146291009,1
INE296Q01012,66.52131499804871,0
INE849M01017,64.21171411963792,0
INE189Q01019,64.47838078630458,0
INE319Q01012,64.47838078630458,0
INE336Q01016,59.58146924540392,1
INE641Q01019,62.68915943738406,0
INE755Q01025,60.72777814789532,0
INE734N01019,44.0516297604183,1
INE221J01015,61.33493331396443,0
INE785O01019,53.88750291270522,1
INE898Q01015,62.67388898976105,0
INE552Q01018,60.92470510541026,0
INE363M01019,46.00473154620304,0
INE010R01023,60.5580384387436,0
INE011R01013,61.95445527032732,0
INE133R01015,60.13399737456628,0
INE260R01016,59.86098385213043,0
INE229R01011,51.2276505187971,1
INE761Q01015,59.210983852130425,0
INE982Q01017,59.210983852130425,0
INE909P01012,47.04085211958279,1
INE016Q01014,58.839327472846584,0
INE401Q01018,56.94968741999329,1
INE155R01018,56.050723352396254,0
INE322R01022,60.35796865665884,0
INE513R01026,61.40023422828485,0
INE891N01017,57.210661476533524,0
INE950M01013,51.95937644079873,0
INE812P01018,46.93502219567272,2
INE865P01016,56.40260757844442,1
INE554R01020,64.21791099596162,0
INE820R01017,56.833973134279006,1
INE849L01019,34.129769896745465,1
INE526R01028,44.327814980780495,2
INE976R01033,58.333006627115054,0
INE369Q01017,62.425630576041556,0
INE971P01012,58.19631811367274,0
INE172N01012,39.01804669825743,1
INE066P01011,53.8423433291731,0
INE541R01019,61.16186570600535,0
INE904R01027,56.88843603156415,0
INE291R01011,53.039544277433926,1
INE118Q01018,61.33788547194134,0
INE366I01010,44.807093646536224,1
INE776I01010,40.61685420105738,1
INE527H01019,54.562153165622995,0
INE195J01029,48.84940465025511,0
INE105R01013,53.81123493819435,1
INE122R01018,48.64570665983613,0
INE653S01028,36.18517813032744,2
INE540S01019,54.16705602904204,1
INE451S01027,41.73850348782239,2
INE563S01011,62.64691569333153,0
INE876S01017,58.11155855047439,1
INE196R01012,58.91459426476011,1
INE027T01023,57.772889908007606,0
INE480S01026,50.70526748315115,1
INE023S01016,64.1615585504744,0
INE990S01016,46.07798712190296,2
INE398R01022,63.675478554826654,0
INE484S01010,55.33127508218802,1
INE829S01016,54.69841793933087,1
INE211R01019,52.894132860534945,0
INE332S01011,64.52484651075945,0
INE365S01045,50.638624655302884,1
INE203T01012,61.56573936790231,0
INE278M01019,55.51881981483772,0
INE455O01019,53.56732421124154,0
INE712K01011,51.468811472829415,0
INE725P01012,41.40162876586145,2
INE764L01010,37.92452433506097,1
INE302M01033,49.16898862077526,0
INE212Q01019,54.158453554633034,1
INE094T01015,59.49356301163191,0
INE262S01010,37.934648358107516,2
INE344T01014,59.11792216763133,0
INE136T01014,50.79556079647374,1
INE060T01024,60.78750550096466,0
INE473T01011,61.60984651075944,0
INE256S01012,51.05266005962968,1
INE030T01027,57.986315024774186,1
INE335K01011,40.20046296090843,1
INE646L01027,54.95327799252457,1
INE500L01026,52.17604650732425,0
INE925S01012,61.70017371082424,0
INE364T01012,54.925243596202755,1
INE600L01024,58.14948475970747,0
INE540L01014,55.400135945641395,0
INE452S01025,53.178695977155144,1
INE410P01011,46.937946232694166,1
INE742R01013,51.17585266289475,1
INE382T01014,63.28967294013154,0
INE562S01013,42.134983650611765,2
INE484I01029,44.017585541192226,1
INE985S01024,44.83233962721225,1
INE564S01019,54.249445773915404,1
INE306L01010,54.4484589761848,0
INE615T01017,51.553086444469336,1
INE622Q01019,55.86194941823027,1
INE127T01021,65.95843140898124,0
INE106T01025,59.83738645334562,0
INE773T01014,50.74469358732648,1
INE658T01017,64.65704843025784,0
INE075I01017,52.96791868271166,0
INE558R01013,58.220294899279835,0
INE030U01025,70.72636641250317,0
INE316L01019,39.698959710709815,1
INE173U01015,42.683152042136975,2
INE043U01010,57.01600918499412,0
INE483S01020,46.27650836150199,1
INE912T01018,63.11211437230408,0
INE410U01011,56.0042234707084,0
INE359U01028,57.95601948370069,0
INE399S01010,49.96770194239847,1
INE812T01010,48.35682770141478,1
INE395U01014,45.27963799653853,2
INE988K01017,58.80284753915542,1
INE009U01011,50.18495140761724,1
INE594H01019,59.66228467490566,0
INE334L01012,59.85671822576071,1
INE411U01027,62.18081891478631,0
INE976T01013,47.43969396401287,1
INE671T01028,38.22028458186134,2
INE883N01014,50.1404108992272,0
INE440T01028,59.65516401845003,1
INE571U01010,56.590017005284885,0
INE002S01010,63.114115760729774,0
INE819S01025,57.25135151093858,0
INE615P01015,53.565733691783194,0
INE184U01012,55.59323129099916,0
INE120V01014,45.198866327851256,1
INE239T01016,60.227870357353154,1
INE073V01015,64.77665745108754,0
INE552U01010,59.80373315534827,0
INE214T01019,59.98019086649822,0
INE837H01020,58.751178980475416,0
INE171P01019,57.25776668330791,0
INE917M01012,51.87664251644737,0
INE212I01016,49.89536812682885,0
INE976G01028,63.276736812903714,0
INE191V01015,38.949791349589916,2
INE317V01016,61.80787587589384,0
INE900L01010,65.36254667285165,0
INE367U01013,65.10689554632565,0
INE715T01031,64.20716169042474,0
INE537U01037,51.477858665161065,1
INE592O01019,64.56165389825277,0
INE010V01017,58.89233372364107,0
INE934S01014,43.48968293847535,1
INE583V01021,64.77190614048092,0
INE336T01010,37.499983650611775,2
INE491V01019,55.886086517293265,1
INE726G01019,57.296154926971035,0
INE495S01016,50.85013228395493,0
INE522V01011,46.790970768624426,1
INE564T01017,56.358649340052985,0
INE696V01013,39.540970768624426,3
INE746V01016,56.39550252769904,1
INE565V01010,76.09287136682836,0
INE985P01012,49.01003103972663,2
INE732S01012,70.40548345366584,0
INE957U01011,54.05749162475142,1
INE427V01013,61.9027884034685,0
INE448V01019,60.95700470927768,0
INE700V01021,55.39749162475142,1
INE564V01013,54.05177733903714,1
INE373V01019,66.54341169042473,0
INE942P01013,44.585725543960464,1
INE704V01015,54.96515373090466,1
INE697V01011,55.605471638922,1
INE947T01022,61.419989055645246,0
INE738V01013,48.92936362576727,1
INE913H01037,55.98101444877641,0
INE572E01012,59.09122057966816,0
INE200M01039,62.54916446066642,0
INE740V01019,45.07006895175796,1
INE982V01025,57.459931260611356,0
INE916U01025,54.68340299438563,0
INE679V01027,59.16903123326839,0
INE947Q01028,53.621143247450604,0
INE607V01028,47.89250912035114,1
INE908V01012,53.15628855183838,1
INE994V01012,52.035502527699045,1
INE263W01010,55.78849436808144,0
INE459U01018,57.22864934005299,0
INE118H01025,66.37203658052927,0
INE395H01011,60.765424262828695,0
INE506W01012,59.56695267625787,0
INE978V01015,56.89963124768644,0
INE291W01037,68.66021562114528,1
INE439T01012,53.15761063067953,1
INE753W01010,52.9190610776158,0
INE655V01019,52.760477569052355,1
INE737W01013,49.8859336788933,1
INE919I01024,48.92494949470661,0
INE714U01024,53.98167637377636,1
INE192R01011,63.93716226321177,0
INE645W01026,59.73839437944678,0
INE017W01010,59.01727283618868,0
INE801W01017,45.23191822047295,1
INE784W01015,62.532846198502384,0
INE298W01016,57.18284876760856,1
INE800W01019,56.12601416384572,1
INE544W01021,47.547313011631914,1
INE711V01010,60.0730108737618,0
INE442V01012,34.59765199290823,2
INE201M01029,48.145485208992326,0
INE546V01010,51.10577606860762,1
INE801V01019,46.81231303614468,0
INE208U01019,51.13134855898892,1
INE792V01010,33.75469158788438,2
INE274V01019,47.5344137804209,0
INE802W01015,55.659844903303416,0
INE985W01018,56.53944584667122,0
INE593W01028,63.403050803007545,0
INE060X01034,59.37191485859666,0
INE953W01016,44.63864688166402,2
INE964W01021,56.66124882926412,0
INE617I01024,58.53162978892806,0
INE112X01025,47.08561871282724,1
INE870V01014,48.95923628716809,1
INE895W01019,69.87858911732012,0
INE344S01016,70.82839463838123,0
INE594W01042,52.18596757516165,0
INE807K01035,53.784635104558795,0
INE977V01017,54.20508299854152,0
INE358U01012,55.42570942510996,1
INE343X01026,53.55960967055618,1
INE031A01017,64.96298896148164,0
INE488V01015,51.79393190723663,0
INE986W01016,45.62923964904437,1
INE349X01015,54.68952263878792,0
INE796W01019,47.820664858596665,1
INE551Q01028,60.60995650626397,0
INE634W01012,59.50787223157897,0
INE325X01015,53.02383299854153,0
INE581X01021,37.76627724406717,2
INE010J01012,62.817602403544,0
INE406M01024,65.51480090037941,0
INE736A01011,67.24652700181865,0
INE869I01013,44.282670818844515,1
INE113X01015,63.77318580087551,0
INE949L01017,67.21766402805771,0
INE728W01012,60.73283230233322,0
INE721X01015,57.45780771573952,0
INE668X01018,49.186690141398664,1
INE792X01016,48.42337856228126,1
INE543V01017,44.24347585568437,2
INE694X01030,36.3949857051384,2
INE413X01035,53.90284554626553,1
INE632X01030,59.80444396610549,0
INE170V01027,47.708133169566445,0
INE562X01013,56.08909284799554,0
INE943X01015,47.04036064085652,1
INE931X01010,61.64656286915197,1
INE933X01016,55.19178921228509,0
INE586X01012,54.53785866516107,1
INE336X01012,63.04813444229596,0
INE632W01016,49.96343326990799,1
INE082W01014,62.35358464306744,1
INE285J01028,53.82158984908297,0
INE704P01025,50.22369912752437,0
INE344X01016,50.00548628716809,1
INE972X01022,56.070082894779425,0
INE500X01013,59.47820268912267,0
INE782X01033,70.21735732897716,0
INE669X01032,54.68483872568321,0
INE346W01013,50.36127914223183,0
INE145Y01023,68.70719192876368,0
INE236W01016,55.41979134958991,0
INE124Y01028,62.20950521013108,0
INE109Y01011,55.158970558557634,0
INE319X01018,62.01982092921935,0
INE555X01017,45.610778844479114,1
INE935N01020,54.438769406068914,1
INE727S01012,31.558910150706087,2
INE104Y01012,51.84386449606485,1
INE866R01028,50.00356367598737,0
INE264T01014,50.56387142712441,0
INE672X01010,45.9217082592109,1
INE146Y01013,51.69391697483696,1
INE196Y01018,60.72114812760073,0
INE765G01017,53.648801054296776,1
INE777X01017,36.549350402001046,2
INE105Y01019,53.60094195147098,1
INE123W01016,61.57665819715391,0
INE090Y01013,47.761074926570814,1
INE754X01016,51.54787060142532,0
INE932X01026,64.51838391460235,0
INE071Y01013,46.51737052289955,1
INE864X01013,53.639217773536664,0
INE238Y01018,63.096598200316635,0
INE973X01012,47.09441485859666,1
INE070Y01015,67.52374960343225,0
INE393P01035,60.37553408501151,0
INE801L01010,54.84219195147097,0
INE695X01011,31.050717650873683,2
INE786W01010,61.61509531111324,0
INE062Y01020,30.967384317540347,3
INE405Y01021,53.49600810731637,0
INE375Y01018,46.84751729711178,1
INE039O01029,54.68563102539895,1
INE864K01010,43.98232810207945,1
INE289S01013,53.555095311113234,1
INE351Y01019,67.25749966008478,0
INE930X01012,48.71672239303066,1
INE414Y01015,56.23001508872183,1
INE402Y01028,49.52975296677062,0
INE376Y01016,51.10491321127504,0
INE850D01014,60.69267694215437,0
INE348L01012,52.22304387822241,0
INE266Y01019,51.14056584023886,0
INE022Q01020,61.44337232895084,0
INE481Y01014,60.048950553003245,0
INE282Y01016,46.01445586877476,1
INE501Y01019,63.6942323512799,0
INE298J01013,60.186101152854356,0
INE766P01016,60.30456978076528,0
INE470Y01017,57.94127198157468,0
INE195Y01010,46.39415122030292,1
INE834I01025,42.98423520899233,0
INE795G01014,53.10599835219385,1
INE635Y01015,59.03496815237336,0
INE204Y01010,46.619569815245384,1
INE335X01014,46.52331981524539,1
INE188Y01031,47.599672983096,1
INE669Y01022,48.99818910081177,1
INE625X01026,74.12097462257677,0
INE761Y01019,42.61509531111323,2
INE901X01013,34.854528197169294,2
INE520Y01019,60.9265238825418,0
INE715Y01031,55.59711807532449,0
INE403Y01018,53.116042943732644,1
INE821Y01011,47.71261052801623,1
INE600Y01019,59.335273882541806,0
INE597J01018,48.60872462271601,0
INE333Y01017,43.39068893658824,1
INE935Q01015,38.63320653313023,1
INE486Y01013,47.78617695810253,1
INE457Y01014,44.16834679190151,1
INE158R01012,28.757593361855275,2
INE702Y01013,58.24670245397038,0
INE840Y01029,62.259559596827515,0
INE646X01014,40.08011529833878,0
INE820Y01021,39.494407808397796,1
INE514Y01020,50.94171267238824,0
INE977Y01011,54.18974838667396,0
INE819Y01015,48.70783629606793,1
INE841Y01019,50.14081164086377,0
INE203Y01012,49.313319815245386,1
INE507Y01016,54.531772135207646,0
INE713T01028,48.50750333580806,0
INE619B01017,62.582833451538576,0
INE371P01015,50.96876940606891,1
INE422M01013,56.840705868774776,0
INE008Z01020,50.03795449800662,0
INE760Y01011,57.58323568492363,1
INE880Y01017,66.55366673968466,0
INE068Z01016,44.070514867496506,1
INE063Z01017,35.42232515247262,2
INE630Y01024,60.744949546690506,0
INE578V01013,49.74643229532977,0
INE600K01018,61.363046336713246,0
INE180Z01019,50.33673643791821,0
INE749Y01014,46.63041363930159,1
INE740X01023,44.31821800961547,1
INE129Z01016,50.84393229532976,0
INE450S01011,49.01805534474082,0
INE923Y01023,31.83661086675833,2
INE980Y01015,66.37696394579908,0
INE341Z01025,54.458006718948916,0
INE773Y01014,49.97556329262374,0
INE006Z01016,53.49915787304076,0
INE914M01019,63.871688032541094,0
INE862Y01015,55.60652388254181,1
INE339Z01011,47.91301447484762,0
INE418Y01016,47.59784051325431,1
INE642Y01029,55.3939689841937,0
INE926X01010,42.40732476437949,1
INE482Z01019,69.01721116432516,0
INE481Z01011,42.42662677331225,1
INE324X01026,59.93965758592968,1
INE464Z01017,48.553588761833,0
INE452Z01012,57.27805780983668,1
INE155Z01011,62.391986381265255,0
INE575Z01010,50.27307608157114,0
INE171Z01026,51.71423484181008,0
INE555Z01020,61.427238168256096,0
INE705X01026,33.909774405771344,2
INE314Z01014,49.80793384188645,1
INE380Z01015,42.355933224428284,1
INE545U01014,63.3350389956175,0
INE066F01020,50.564234841810084,0
INE568Z01015,55.919791057763014,0
INE614Z01017,60.591118029898304,0
INE616Z01012,71.99829771232851,0
INE997Y01027,48.89933879633286,0
INE278R01034,52.8974377390241,0
INE278H01035,61.100772614822354,0
INE495Z01011,60.35397517275545,0
INE860Y01019,37.077842847995534,2
INE542Z01028,48.67986912024573,1
INE340Z01019,48.57309860325463,0
INE099Z01011,48.508104015047486,0
INE763G01038,65.04952414089716,0
INE426Z01016,50.82235520350365,0
INE459Z01017,52.75826088704116,1
INE970X01018,51.57970118625093,1
INE680Z01018,39.32289985636452,1
INE709Z01015,40.606790555503004,1
INE511Y01018,62.778207013240895,0
INE301Z01011,56.15350735320771,0
INE182Z01015,53.46829520873315,1
INE117Z01011,48.1738098039299,0
INE557Z01018,59.24968945846973,0
INE626Z01029,32.57792183057247,2
INE032Z01020,58.280720036918865,0
INE175Y01012,45.702238725697065,0
INE961Y01015,39.010514867496504,1
INE087Z01024,52.592823956270465,0
INE871Z01013,43.36560027305054,1
INE506Z01015,57.197285733398225,0
INE256Z01025,49.97170301141136,0
INE728Z01015,64.78374272752662,0
INE925Y01010,55.701233182765975,0
INE250Z01010,48.486943438925074,0
INE255Z01019,74.36047928550262,0
INE896L01010,62.43279598977342,0
INE424Z01011,47.66250484121729,0
INE556Z01010,40.07375484121729,1
INE870Z01015,60.836372590294324,0
INE00EM01016,55.72604116503378,0
INE792Z01011,53.202080401805155,0
INE00CE01017,63.10211098229494,0
INE591Q01016,50.96169377727848,0
INE692Z01013,61.14280116172289,0
INE997Z01016,40.55679055550301,1
INE262Z01023,58.48137259029432,0
INE411Y01011,48.04312005662764,1
INE236Y01012,47.32488598733626,0
INE838Z01012,30.284314256321768,2
INE799N01012,43.14043829388265,1
INE00LM01029,46.776790555503005,0
INE00IK01029,43.54006909566702,1
INE974Z01015,41.46018341264586,1
INE648Z01023,43.84432934801978,0
INE686Y01026,64.24492383211543,0
INE320J01015,53.90507894567467,1
INE665L01035,62.86479688244406,0
INE685Z01033,51.93263469333465,0
INE684Z01010,63.89565830458004,0
INE691Z01023,53.969229733151465,1
INE00N401018,48.49536198407443,0
INE364Z01019,63.85708687600861,0
INE960Z01014,58.248140208170334,0
INE00C501018,55.89765990636811,0
INE652Z01025,48.48560870913991,1
INE00SY01011,65.39500132615083,0
INE778U01029,65.40568973958692,0
INE00WY01013,48.156376363037516,0
INE00NI01015,61.00055801402302,0
INE127D01025,69.02601830999338,0
INE869Y01010,56.90433591394143,0
INE741K01010,59.1892200682293,1
INE00IY01012,50.39828881175585,0
INE266S01011,43.32086065178828,1
INE650Z01011,56.464481583970304,0
INE721Z01010,60.9534881682561,1
INE688Y01022,60.477536984909776,0
INE319Z01021,60.169456173112714,1
INE00SZ01018,67.80981331596986,0
INE01B501018,36.79149766709559,2
INE748Z01013,42.116848717964274,1
INE548Z01017,43.73062255655018,1
INE00QT01015,65.72410891655542,0
INE760W01023,60.615537487983985,1
INE00Y801016,51.0366325647745,0
INE01A501027,58.08196605941255,1
INE962Y01021,57.467838890587004,0
INE01EO01010,58.270763311699156,1
INE01IU01018,59.46398534348639,0
INE004Z01011,43.621726748305655,1
INE00VM01036,76.13056383393794,0
INE492Y01011,51.8537504851616,1
INE216P01012,62.2106310705862,0
INE013801027,49.420290005061155,0
INE00KV01022,57.95774343296724,0
INE00U801010,58.71369961101727,0
INE01II01013,40.40445499566256,1
INE666Y01010,47.76041722449612,0
INE382Z01011,58.90962460487271,0
INE911Z01025,60.39721464688663,0
INE00Z501029,58.23502242775526,0
INE01KI01027,46.4463002337578,0
INE01JE01028,60.308673706799176,0
INE642Z01026,45.6940060185947,0
INE01J501010,46.76659785280542,0
INE01EE01011,54.75378528446255,0
INE206Z01020,38.11345173524098,0
INE00Q901014,28.453979464820122,2
INE01GN01025,42.10633684226446,1
INE647Z01025,46.48406937614448,1
INE00F301010,45.32501006900684,2
INE00PV01013,39.736015384630946,1
INE00SW01015,55.67848513248688,0
INE951Z01013,37.33137120405076,1
INE02AP01013,30.96388146309932,1
INE01Z401013,40.90576104400106,0
INE01GR01018,37.43156003452789,0
INE02CV01017,38.864595748813606,0
INE01NE01012,48.80639031568642,0
INE452W01019,60.02665911447248,0
INE02EZ01022,52.44139898053566,0
INE542W01025,62.62132929009876,0
INE01P501012,25.03758924976628,3
INE01ZJ01015,58.73434794858762,0
INE427F01016,50.98091226321178,1
INE01EG01016,42.21947626386369,0
INE02AR01019,45.18236383119315,0
INE793Z01027,35.95859063025559,1
INE00RQ01019,49.87723288502033,1
INE911T01010,44.96409553609288,0
INE03CM01014,59.346048081700324,0
INE00CX01017,59.115807647569554,0
INE01C001026,51.732862386277574,1
INE02PC01027,47.71061057849262,1
INE255X01014,61.59653097497257,0
INE03WT01017,29.169006764737066,2
INE01BL01012,42.96661869195681,0
INE06IR01021,47.52152571187873,0
INE415G01027,52.87161929863833,1
INE00UG01014,34.839484246605316,1
INE112L01020,56.74290855446623,1
INE455K01017,60.32733358435262,0
INE011201014,39.74986260284072,1
INE06LG01010,45.54452425744843,1
INE136S01016,54.70155879052488,1
INE05QJ01015,56.370593765385166,0
INE06CG01019,54.22638350098795,0
INE06TD01010,36.74802652411888,1
INE757T01025,53.57924723041079,0
INE04LG01015,52.650939620753256,0
INE05BN01027,48.90505438618985,0
INE00CU01013,43.00066151233466,0
INE05MV01019,36.132018351820754,1
INE02GA01012,43.6840857353909,0
INE04AK01028,49.47640470035575,0
INE933S01016,64.8307336917832,0
INE060601031,55.63294100628774,0
INE056001014,49.26216427897027,2
INE00YB01025,54.15991289078623,0
INE04ST01013,37.59217367435805,1
INE02WG01024,51.47554901070422,0
INE00WC01027,72.40967163459995,0
INE572J01011,63.964518387991795,0
INE00M201021,64.97303108004265,0
INE08E401029,66.33312359143419,1
INE06YD01010,45.021127896453834,2
INE00Y701026,57.848990805730466,0
INE08JY01013,54.41902686049731,1
INE719F01016,41.642171157862705,0
INE957W01025,50.8719822111722,1
INE906Y01028,48.321109751408876,1
INE335Y01020,73.57471006028267,0
INE06MH01016,47.97224354999292,1
INE492Z01018,48.78694761441968,0
INE06H201014,58.68287628368409,0
INE430N01022,30.806205961718508,1
INE490Z01012,57.82933041127173,1
INE0APB01032,55.36925314730014,0
INE679A01013,51.72799906181983,1
INE08KD01015,63.61199132368857,1
INE551W01018,65.5537133475341,0
INE0A1101019,55.78985717146945,1
INE689W01016,61.120445088152884,0
INE08RT01016,48.461920791978265,2
INE098201036,36.11116982933596,2
INE063601012,58.34812617062331,0
INE05X901010,51.58469631847964,0
INE0BIW01023,49.26062580388639,1
INE04OV01018,51.5684492474113,1
INE07QQ01016,52.255280839271336,0
INE0AU701018,48.349262830125454,1
INE0C4I01011,59.101042843115195,0
INE018E01016,68.14196322868997,0
INE0BDU01028,41.39108792496624,1
INE0CQB01010,53.736550665540655,1
INE0B1K01014,38.04785168515409,1
INE258Y01016,41.003559292240574,1
INE0CPQ01010,36.62512368643927,1
INE0CRS01012,59.28338990473459,1
INE0D6I01023,67.13979506676344,1
INE0B9A01018,54.367771567818785,0
INE02A801020,70.48009390061172,0
INE05ST01028,40.786632555016865,2
INE0DG401010,37.054994542296946,1
INE419U01012,70.7387483707258,0
INE450U01017,73.03761697313902,0
INE0ALI01010,54.07620810373968,1
INE03YM01018,50.82809896547925,1
INE0BTM01013,53.71347199071799,1
INE596I01020,61.9839178281951,1
INE732I01021,65.05972525229602,0
INE09KD01013,49.260798674018986,1
INE094J01016,66.17445354248082,0
INE249Z01020,62.02570342491866,0
INE0D0U01013,33.18226654358212,2
INE0E2801015,59.14287506831506,0
INE0ALR01029,50.2726277169197,0
INE060901027,51.126970029801704,0
INE0A0S01028,70.9983194150975,1
INE244W01010,34.665638090610166,2
INE0EEJ01023,55.360434590023274,0
INE063P01018,62.11564401867129,0
INE0BLY01023,42.79965935353767,1
INE068V01023,67.51542896173632,0
INE0D5F01013,47.23029817687708,1
INE07T201019,55.05687089839309,1
INE495P01020,64.1437483707258,0
INE01BK01022,61.88542896173632,0
INE053F01010,57.79041828396584,1
INE09VQ01012,67.74910362719409,0
INE481N01025,63.38894415829993,0
INE00IN01015,60.70281184644817,0
INE0D7801012,52.353845176546216,0
INE0DSF01015,38.591491246833236,1
INE0DD101019,69.47374536575693,0
INE06ZX01015,46.36414238261958,1
INE694N01015,57.30743153465754,1
INE07S101038,49.27874907696959,0
INE0G0V01018,65.22247746110025,1
INE864I01014,61.52438993701612,0
INE07O001026,64.17868229043474,0
INE0CJD01029,40.932980829296405,1
INE0EMB01015,51.897905390880794,0
INE930P01018,50.47690730591927,1
INE00LO01017,65.46245533207954,0
INE576O01020,65.30959389030352,0
INE303R01014,63.99763390350812,0
INE428Q01011,57.17762662447036,0
INE418L01047,50.26821077005122,1
INE0GX601011,64.32208721588646,1
INE0CPR01018,46.464115818345874,0
INE0A1E01018,43.422414514352674,1
INE382M01027,26.072443319565398,2
INE0GXK01018,57.985210835318114,0
INE0CQ101015,52.51007418758963,1
INE670K01029,61.08924104636526,0
INE0D9X01018,57.439370193725686,1
INE04CO01018,33.76839662734513,2
INE0CAJ01017,64.2577738825418,1
INE073K01018,65.06602676065097,1
INE810G01011,64.26171136558754,0
INE0DB001013,47.367504140002396,0
INE0H8J01015,52.222412174936814,0
INE967H01025,71.1617654539729,0
INE021O01019,72.40703164550226,0
INE0B6101012,58.754191622297114,1
INE0D6701023,65.41793551580034,0
INE0G2G01015,45.76520614976659,1
INE0DXR01010,46.69633114709929,1
INE201P01022,62.927425651301824,0
INE227W01023,74.27850578679795,0
INE0C5901022,38.3549732524652,1
INE758T01015,58.240669617793834,1
INE0GK401011,54.56315926993357,0
INE03Q201024,61.56393864931704,0
INE645S01024,64.73321077005122,0
INE199P01028,69.7194859577808,1
INE00D001018,59.78634967258322,0
INE0FFK01017,62.27713134116611,2
INE0GFE01026,44.03204576799853,0
INE0H5O01029,57.168395163206526,0
INE872J01023,41.41660362719408,2
INE08LI01020,52.095392397538724,0
INE290S01011,62.23850371900617,0
INE118D01016,36.707444984219286,1
INE852O01025,59.12821704663089,0
INE488A01050,39.484409269933565,1
INE0EAX01014,48.84452496569973,0
INE043W01024,63.682417552919745,0
INE00FF01025,61.139715604874894,1
INE0GOA01018,54.89891715905828,1
INE0HQI01014,62.32074057610008,0
INE0DTJ01015,37.7076717525855,1
INE953O01021,58.31886086186331,0
INE0GAO01018,70.75704520873316,0
INE0FW001016,59.07392593605823,0
INE0DLM01024,46.64614887573756,1
INE0GOJ01027,46.64151161696272,1
INE045601023,55.677068508444684,0
INE02KC01010,69.31002255986992,0
INE0H1201020,46.5958873994398,0
INE404A01024,63.18427497105224,0
INE0HLJ01013,64.24079629939799,0
INE0I3Y01014,45.71167580504687,0
INE0I2F01015,68.06537854068613,0
INE0DZ701010,41.04943337860761,0
INE0GD201014,36.88270976120408,1
INE0IGO01011,35.17285168515409,1
INE0H8H01019,54.78899427621328,1
INE0CWK01019,49.98073625826648,1
INE0GN101014,60.24903232248749,0
INE0J0B01017,65.56386087417634,0
INE388Y01029,66.24441961779382,0
INE0J6L01013,42.85437515851711,1
INE02NC01014,54.245967147923004,1
INE0D0K01022,51.11183870190034,0
INE284S01014,63.41439657614903,0
INE417T01026,52.34681911841428,1
INE07GA01011,36.79961438787067,2
INE982J01020,50.62789054698571,1
INE806T01020,47.957253719006175,1
INE0I7C01011,60.02550884889388,0
INE144Z01023,63.45112299692566,0
INE0JFE01012,46.43304626777611,0
INE0BJS01011,37.016907605279684,1
INE07L501010,55.010961970728,0
INE575P01011,43.09931911841428,2
INE011K01018,60.468390607738755,0
INE463V01026,63.787176261271426,0
INE0CLI01024,49.150428961736324,1
INE217L01019,35.95887189099397,1
INE0BV301023,66.07531358306275,0
INE317I01021,56.016561011189346,1
INE804L01022,56.253412263211764,0
INE0JM501013,70.0282368455842,0
INE0IX101010,62.64175847003888,0
INE505V01016,55.108839254771,0
INE0GSL01024,44.56091891154938,0
INE0I7D01019,57.475273059095734,0
INE07RO01027,63.935648643940794,0
INE0JJS01014,68.0670236581141,0
INE0IM001015,54.71965553125233,1
INE925R01014,64.09002681358456,0
INE0IA701014,60.22133092301887,1
INE0ILD01014,42.48070173860724,1
INE08PH01015,59.845228134874695,0
INE0IJY01014,42.64356460972835,0
INE0E4I01027,43.59170058375243,1
INE0DRT01018,58.70584141048237,0
INE583L01014,49.50185431134649,1
INE0HKW01018,48.46993078040613,0
INE0KA601012,56.176334479439966,1
INE699H01024,48.11502684790128,1
INE0KAF01018,68.63369032478077,0
INE0JNA01014,31.557850324014062,1
INE825V01034,58.1643729956537,0
INE0JSJ01014,44.12920199352852,2
INE0J1P01015,47.304764845078935,1
INE0JR301013,47.61811335470314,0
INE0KCM01010,64.40391871907218,1
INE03KJ01013,51.95729755749859,0
INE0JW501011,55.81162506831505,0
INE0HS001028,59.25488794549166,0
INE0KQ001017,68.98127631984822,0
INE0KNW01016,63.74508201368371,0
INE0GMR01016,53.42108080487429,0
INE0K1401020,51.22774295280675,1
INE0JVD01011,38.590536870461634,1
INE0GGO01015,56.24365344225513,1
INE0KN801013,45.756530215557326,1
INE0J5601015,58.7069888142088,0
INE0GIU01018,43.66582958405307,0
INE619A01035,70.73514969789979,0
INE0IQ001011,38.70757042661501,2
INE0KPY01017,44.3126109014358,0
INE0K5F01014,51.42745696744144,0
INE0KSN01014,49.848761388665174,0
INE00EV01017,44.56469852593016,1
INE0J5801029,76.57671250124652,0
INE0JMN01019,44.509198152684505,1
INE0J2K01014,50.49452496569973,0
INE0E5R01017,59.29109398844134,1
INE0L3H01014,50.18491243839879,0
INE0G1L01017,55.23425597833472,0
INE278Y01022,69.79699349011922,0
INE961O01016,74.5931245605644,0
INE0JZA01018,52.48595937406309,0
INE0J1Y01017,69.50395734888565,0
INE00F201020,69.90720132392806,0
INE148O01028,52.51083788190275,1
INE0JA001018,57.18200507952508,1
INE088F01024,50.56040016629212,0
INE04TZ01018,51.79366589766784,1
INE01QM01018,68.3155829947037,0
INE00WS01056,53.5906934003876,0
INE0BWX01014,44.111650166292115,1
INE02OY01016,55.25907847015551,0
INE0LQQ01019,62.20447055607298,0
INE0KXN01014,49.4696822432839,1
INE0IXR01019,50.010074973970504,0
INE0K6L01010,44.69438597679358,1
INE0L0L01012,50.1680240000855,1
INE0GTX01019,55.213068919721145,1
INE0J1E01027,61.29039034829258,0
INE0KHQ01010,44.50384517654622,1
INE0JYY01011,68.40091541701277,0
INE0L1C01019,54.01980095490228,1
INE0IZQ01016,52.40389387976442,1
INE0KZA01016,49.45569866710283,1
INE0KR801019,65.30509419579116,0
INE0ID001024,41.91670231940337,1
INE0L3501015,60.767533205435434,0
INE0LF301013,58.24119911254618,1
INE0CBM01019,62.49896177686401,0
INE0KTW01013,49.853845176546216,0
INE0DYJ01015,68.03733727439544,0
INE0M3901015,60.2195727038659,1
INE0JNB01012,54.90467606257829,1
INE0KKN01029,58.50724273127106,0
INE0JS101016,72.7720050131393,0
INE0MC401013,48.69945206967707,0
INE0J6801010,46.11925738025171,0
INE0KT901015,57.92884419579114,1
INE0LA901015,48.04281933739906,0
INE0D2I01014,46.03471661994813,1
INE0I0T01010,57.77180808257157,0
INE668A01016,69.5171034807817,0
INE0MEG01014,60.104087741869954,0
INE0LU301014,49.341267298211314,1
INE0G1D01014,68.35133025540324,0
INE0DZ101013,68.13271645326532,0
INE0LCW01025,47.35583623987292,1
INE0M7001010,51.656104634006866,1
INE0JUS01029,65.62806314598323,0
INE0JOO01021,56.61483496447892,0
INE0MGM01017,54.26330744284473,1
INE0MOT01016,33.337980829296406,1
INE0CDK01019,47.9779884263014,2
INE0M8901010,49.69882314567874,1
INE0KQQ01011,44.133205330679196,1
INE0KZM01011,44.64839401331877,0
INE0MNV01014,46.39197296120302,0
INE0N0J01014,69.50178328078246,0
INE0M4L01013,45.39356460972835,0
INE0LGX01024,71.40969257555092,0
INE0MSK01016,45.851618322992344,0
INE0MKA01014,53.32036341321584,1
INE0MKO01015,48.89436963694731,0
INE075Z01011,49.04224200891766,0
INE0FMW01018,45.19663324864788,0
INE0DTQ01028,28.960217448383577,2
INE0DGC01025,54.8507903712287,0
INE0NC801013,45.80837650775463,1
INE0KY201021,47.93550969245846,1
INE385O01018,48.96719982658656,0
INE02YR01019,63.67278300238958,0
INE0HMF01019,52.946127753189636,1
INE0N1L01018,40.610785198188985,1
INE0MLZ01019,41.747826127930175,1
INE0KL801015,63.64268807757248,0
INE0MRA01019,57.62893302431144,1
INE02EE01019,44.99651807217286,0
INE0L4K01016,65.57071873859715,0
INE975Z01012,42.73734449595288,1
INE139R01012,63.05954153419924,0
INE0MTP01013,36.42464699714525,1
INE0MXP01015,37.4653085633776,2
INE00E101023,74.95586004066058,0
INE474Q01031,73.68901663745199,0
INE128X01021,50.90011821720926,0
INE128S01021,64.72664652381111,0
INE918Z01012,65.20558336340072,0
INE510W01014,47.89979618876571,1
INE263M01029,57.91991589766785,0
INE0N6V01016,58.201343157130445,0
INE0MJQ01020,49.283267172128866,0
INE029Q01017,53.58869065375478,0
INE00OQ01016,44.51654678863785,1
INE244O01017,67.13324349011923,0
INE0L2Y01011,52.99639898053566,0
INE0NT601018,49.15618040176485,1
INE0M2X01012,64.6205672465826,0
INE142Q01026,65.22798721724587,0
INE00ZE01026,60.47219695942037,0
INE559R01029,51.36960119682234,0
INE0MQD01015,35.673565970868374,1
INE0JHH01011,60.75134315713045,0
INE0NCC01015,44.53016619354671,1
INE067901012,54.72652824401179,0
INE138Y01010,63.48813252550661,0
INE0N6D01014,40.94135288887137,1
INE050401020,51.20424361780825,0
INE0N7F01017,50.50740655483012,0
INE0NA301016,44.38907859603461,0
INE855R01021,64.82857741159079,0
INE0LR101013,43.96713603829978,1
INE035801013,40.29056661892604,0
INE0MFT01014,50.70945874265062,1
INE0MID01012,48.11827089642005,1
INE06PV01010,69.08521396631662,0
INE0BSU01018,55.27226997009836,0
INE0LZO01015,68.14914253774518,0
INE082101010,67.46860682345947,0
INE0M9Q01011,41.62057056628846,2
INE0MPU01011,41.947856497145736,1
INE0LVM01018,67.22505800480941,0
INE0O4V01010,57.224887945491666,0
INE0MM001019,59.881738174013144,0
INE0KN201016,46.497048765154254,2
INE0H4B01011,59.95923327294031,1
INE0MLA01012,64.1654712297501,0
INE0O4601016,55.987280355469075,1
INE0OLH01013,55.14116270234245,0
INE0MO401019,49.869600397836635,0
INE0NPA01011,63.103963966316606,1
INE0JZS01010,62.338071109173754,1
INE0NPI01014,61.4423190114955,0
INE0G1V01016,60.15378539488804,1
INE0NYN01016,46.33990056214657,1
INE0O6A01019,42.97800896675091,1
INE753U01022,61.344989613971634,1
INE0NLB01018,53.472583444915934,1
INE0O7R01011,62.53561915920165,0
INE0O4M01019,57.1284282520309,1
INE0OKG01017,56.049785565367046,0
INE00TV01023,65.91414253774518,0
INE0I3H01019,49.390683270787314,0
INE0NLJ01011,66.51337462736937,0
INE0JSX01015,48.71849718418937,0
INE0OMI01019,52.79044410080864,0
INE0O1M01015,57.35274149828671,0
INE0OK701014,55.68484567344738,1
INE0LKQ01012,55.64743577238336,1
INE0NIJ01017,47.41684900829751,0
INE0N0Y01013,41.11217376178318,1
INE0O1T01010,55.94638749832621,0
INE0O2D01012,48.514791899693044,0
INE0O8901016,63.93032865801836,0
INE0MRE01011,55.304872358570734,0
INE0P7001013,43.030834536694805,2
INE0N7S01028,49.25059524933331,0
INE0LCL01028,67.75223147697565,0
INE0NZW01014,34.460366228807864,2
INE0O6N01012,57.31406367693041,0
INE0K4D01020,65.78441744438508,0
INE0NTC01019,41.52199539505061,2
INE634S01028,78.6041548680605,0
INE0JWV01011,60.04604657674353,0
INE0LDI01022,51.03148904567821,0
INE0NUL01018,44.17408287728335,1
INE0NR701018,56.035203063361614,0
INE0O5T01011,58.887084581956074,0
INE0OFK01019,38.39330633738302,1
INE0N5801013,59.009941724813224,0
INE0ONE01016,48.07961430164768,1
INE0GYI01028,58.52708458195608,0
INE0NNZ01013,47.75657623575047,0
INE0NJ001013,59.64690430366363,0
INE0LEX01011,57.45295205753119,1
INE0NXA01015,61.02499306160668,0
INE0O4R01018,46.27577537573112,1
INE0LOJ01019,58.92642081884451,0
INE0N5O01013,34.74204917670364,2
INE0OL001018,50.21620274923824,0
INE0O0201019,51.43859596853481,0
INE0OJ401014,51.05682115435161,0
INE0O0001013,50.816970392515096,0
INE0L4V01013,53.410384889817564,1
INE0OB201016,59.48532865801836,1
INE0ORA01015,58.93346705189289,0
INE0ECP01024,69.60097852245374,0
INE0Q0M01015,55.010036901164206,1
INE0O1S01012,47.791448452326975,1
INE0O7P01015,50.141713337905024,0
INE0ITO01014,51.40031750158659,0
INE0ORS01017,51.1767038598015,0
INE349Y01013,68.43437433411852,0
INE0PS501019,59.48571966459178,0
INE055S01018,64.49285943198426,0
INE0BTR01012,50.90051530980861,0
INE0LWY01029,47.58303376460958,1
INE602W01027,67.04879785817145,0
INE0NZF01019,52.345914937722554,1
INE0P3N01018,50.15527403821193,0
INE0POP01017,52.77317127454995,1
INE0P7201019,54.297691106764965,1
INE0NEV01011,43.43254714592765,1
INE735W01017,67.68552497105225,0
INE0DN001027,56.77262029624179,0
INE0P1Q01015,51.052418942421674,0
INE0NT901020,75.4038263157092,0
INE08S201019,55.34875326362568,0
INE0LYO01018,39.74054498082497,1
INE0OMF01015,57.27104590511416,0
INE0JO301016,60.35372630868143,1
INE0OWC01011,47.383520444988555,0
INE0PPS01018,54.6940207654821,0
INE0OSJ01014,65.45264163971989,0
INE0OUT01019,49.43022556490848,0
INE423Y01016,64.02880410227752,0
INE0OVI01010,53.44340531332712,1
INE09FA01019,42.11326095695264,1
INE338H01029,74.29943372066118,0
INE0ON201012,61.79136783682567,0
INE013V01011,63.9004236825765,0
INE395N01027,61.883852403544,0
INE0OJZ01019,27.486810038944352,3
INE0MIS01010,48.010703426153945,1
INE0Q8P01029,48.1917219868428,0
INE00NH01017,46.102774839895424,0
INE0O3O01017,51.09152276721972,1
INE024001021,67.50013294039407,0
INE0AE001013,50.399162811644445,0
INE013901017,41.14146665430985,0
INE0OIP01012,49.13625908595072,0
INE0QBU01012,53.03458652665227,0
INE0N2P01017,65.52636090733863,0
INE05CZ01011,48.376388146077055,0
INE0OCC01013,57.74416441054307,0
INE0O7A01017,51.900884426769565,0
INE0PCL01011,53.55558827513672,0
INE04T901017,45.37016649510065,1
INE0N5H01017,46.02702763062616,1
INE682M01012,65.94332721536937,0
INE777K01022,71.04966425344135,0
INE0OYE01013,44.42594327041551,0
INE0PRF01011,52.74885044589109,0
INE0OV601013,59.54326573470938,0
INE08U801020,48.388985925968065,1
INE07K301024,58.49301202296714,0
INE0PT101017,51.3038294359251,0
INE0LXA01019,71.65711373651769,0
INE0OWX01025,52.974051331985386,0
INE0P6701019,59.26850450967663,0
INE0Q7P01013,52.59500060305555,1
INE903U01023,41.30898592596805,1
INE438K01021,52.92360101305242,0
INE0P4P01011,34.99853071974669,1
INE0QP001012,45.623452301887355,0
INE0JR601024,43.40930525292499,0
INE0OMO01025,46.6575354400659,0
INE0PIC01017,58.617087928052065,0
INE0OJM01017,39.13473105006805,1
INE0KNT01012,38.799050462422535,1
INE880J01026,60.16338133271584,0
INE0PSK01027,52.34157327398134,0
INE851I01011,48.80363467976497,0
INE0QJ901011,52.04752466510534,0
INE00C401011,50.05428074566564,0
INE0NDX01019,48.75799465093435,0
INE0PW501021,61.14257677000414,0
INE0OLS01010,47.95849991848449,0
INE0MIO01019,52.514257229446926,1
INE0JWS01017,48.98277557426108,0
INE08NJ01024,41.6533838968211,0
INE0KFF01017,48.14777483989543,0
INE0PQ001012,46.01157358535274,1
INE0KZ301010,43.04518714790613,2
INE0M7501019,38.84437483244589,1
INE0QFE01017,45.21655893076958,0
INE0Q1S01010,50.83390371960066,1
INE0QG301017,52.60454425308238,0
INE0OPS01011,33.030782947904015,1
INE460Q01014,53.334347905680886,0
INE0PA601017,41.330837686335464,1
INE0INJ01017,38.45795921413537,0
INE0MGA01012,48.79038882165836,0
INE0PXD01014,52.436243061606675,0
INE597Z01014,45.105658964239865,0
INE0P4T01013,47.35583923309715,0
INE07U701015,39.07045307147148,1
INE0Q9601016,48.45377774696042,1
INE0BZQ01011,47.07563067816114,0
INE0KBH01020,71.98439280029734,0
INE00ER01015,47.56198109562944,0
INE0N4G01012,46.155423053858215,0
INE0Q9Q01017,58.173547056881986,0
INE0LMW01024,64.7474726653247,0
INE0OH401016,32.24077067598272,2
INE0Q6901013,31.32328510809571,2
INE0NVI01020,52.993619369081095,0
INE0J5401028,56.525172157888036,1
INE0PLQ01011,49.71291978284666,0
INE0QI101019,44.983205078315095,1
INE0PUC01020,50.25498129337834,0
INE0PZK01014,44.597923710262876,2
INE818W01011,54.15463476983377,0
INE004A01022,72.31561130936862,0
INE0QW501012,43.227895132897864,0
INE491J01022,61.67058822681541,0
INE0PDJ01013,49.662923710262874,1
INE0N6U01018,52.44532890474739,0
INE0PLZ01012,39.74111583088971,1
INE0PP401015,40.91681884372917,1
INE202E01016,54.72594695942038,0
INE007N01010,55.68642048411949,0
INE717W01049,48.43625417336136,0
INE142M01025,69.19321498720294,0
INE0PTR01012,31.82078294790401,1
INE00Y201027,54.84154317611435,1
INE0RDR01012,44.25947569396601,0
INE0RDM01013,58.32326297378261,0
INE0P9J01013,48.603626832682366,0
INE518X01015,52.78101509808084,0
INE0P1P01017,42.36932623476241,1
INE04VX01019,44.9457210760411,0
INE0POU01017,45.92226443748558,0
INE0Q5D01013,49.68425594034994,0
INE0R1601012,43.18747447654273,1
INE0F3301020,45.219927623619306,0
INE321T01012,63.962827453682564,0
INE922K01024,58.00183981656323,0
INE616N01034,63.50638294039408,0
INE02S501018,44.2321751210324,0
INE0Q2Z01013,52.19290430958779,0
INE0QSK01017,44.388989045678215,0
INE843S01025,35.831338868216044,1
INE0FRK01020,43.77392067911641,0
INE046W01019,55.80284905554806,0
INE0PSJ01011,51.880840898430066,1
INE330T01021,62.68924008325122,0
INE0Q1W01012,52.84161195956541,0
INE0QZQ01019,42.047350879549136,0
INE0PEQ01016,37.66167734978621,1
INE220Q01020,52.152821012281166,0
INE02IJ01035,57.72011090733862,0
INE0DUT01020,59.3772149990366,0
INE0QD201012,58.03768561502479,0
INE0QHG01026,58.087662456752916,0
INE0PS301014,46.51512813356977,1
INE0PZA01015,57.9275248250977,0
INE0QFT01015,52.896015098080845,0
INE0RNZ01014,48.00335823454725,0
INE0A6N01026,39.35699350750279,1
INE0R3501012,53.05595337734392,0
INE0PCY01014,48.084617545062606,0
INE0RCG01017,52.90843101053414,0
INE0Q2V01012,36.787542114906145,1
INE980O01024,44.47065097717376,1
INE0O7401018,48.46083314395286,1
INE0P0001010,62.15240210423731,0
INE0GEN01012,48.48845876814393,0
INE0QIS01011,51.03621753761306,0
INE456Z01021,61.125946959420375,0
INE0ECC01022,45.69734143075949,0
INE0Q1R01012,31.15194275194548,2
INE0G5901015,56.806844089187216,0
INE0PYT01018,41.66910976890097,2
INE0QEI01011,46.22470958814402,0
INE0RDH01021,45.22445040948132,0
INE0Q6L01014,41.613838296659004,2
INE02H701025,47.63106691724073,0
INE0SK801018,62.02687317755423,0
INE0Q4701019,49.6950476142776,0
INE0OGG01015,53.97240482594422,0
INE531R01010,49.8341970048992,0
INE0OLZ01015,32.44238401827706,2
INE0R5Z01015,57.29734625366912,0
INE0JFJ01011,49.216366948083724,0
INE0NLT01010,52.03639915109674,0
INE0QZF01012,55.94557359612247,1
INE0R7R01018,46.27402483989543,0
INE988S01028,58.72018200070693,0
INE0J1F01024,52.68530016306213,0
INE953L01027,57.82808981656323,0
INE646H01017,45.48872671566933,1
INE0OYK01010,54.67748066066652,0
INE0R4701017,45.307369131843885,0
INE010601016,49.69556919203638,1
INE517M01028,50.14116012798341,0
INE623Y01011,46.12455414775635,0
INE0QTF01015,37.00265826856025,0
INE0OPC01015,65.94519726222536,0
INE05DH01017,43.65040313534877,1
INE0QJL01014,40.626238556284456,0
INE0RQZ01017,45.307896420442546,0
INE02M801018,45.064085701928896,0
INE0QWN01013,44.73564341859986,0
INE586O01011,48.53497468791976,0
INE696F01016,38.546128783110916,1
INE486R01017,64.17007022689063,0
INE0K5H01010,41.9719614727391,1
INE0R8M01017,21.5616538140955,2
INE0PT501018,49.28160263152644,0
INE0R6C01012,43.12177286171455,0
INE777F01014,56.912410048404226,0
INE0CG401037,43.18326577622593,0
INE0SGC01015,40.585165718857404,0
INE0QQM01017,47.70646010372546,1
INE0NQ801033,49.19710672656687,0
INE0Q6H01012,51.747592194053524,0
INE0MB501011,46.65945977438359,0
INE0S4Y01010,44.198796671238355,0
INE0M8R01011,34.21345014699632,2
INE0L9R01028,63.851411527872855,1
INE510U01018,57.6094431481705,0
INE0QA601016,63.04104294373265,0
INE0RDE01010,49.66733000504898,1
INE0QQG01019,45.684635136038,0
INE772T01024,44.98973013851084,0
INE0R9401019,49.97378485371466,0
INE0QN801017,45.971934553578194,1
INE0QVH01025,56.277326584513396,0
INE0S3X01014,60.822575094684716,0
INE0R9I01021,58.613289380399,0
INE0AH901011,44.921403259348324,0
INE0S2E01016,40.775532319906766,1
INE0RJM01010,45.65158942956108,0
INE0OMZ01013,47.37445499715591,1
INE0SAK01011,54.19675722944693,1
INE0S7801010,46.77003226388954,0
INE0R6Z01013,45.95013381945067,0
INE0QHY01011,36.226315791716104,2
INE0SWN01019,68.74783555727963,0
INE430U01019,51.987080833175305,1
INE0SOY01013,52.05804429076327,1
INE0TO601017,56.352375563021056,0
INE0DEZ01013,53.77053083598439,0
INE0MSS01019,43.993205855340996,1
INE0R7401011,47.817547865815776,0
INE0STM01017,43.36569668129776,1
INE343G01021,68.48583683837182,0
INE0K6601012,52.06201582056519,0
INE0S8401018,50.37409555955728,0
INE0S0701019,42.649917043698665,1
INE0PC901019,33.27160360224658,2
INE0RJH01010,43.712363339570864,0
INE0Q9W01015,48.91334939121612,1
INE0OAF01028,66.78980027743906,0
INE0R6801013,55.80617416912474,1
INE0SGR01013,45.66890310777775,0
INE0SDC01012,46.86551202795319,0
INE0QXT01018,48.13591747104389,0
INE0RGM01016,52.20936179980013,0
INE0QSB01016,57.8888345643195,0
INE0SMA01017,50.64822026378484,1
INE065X01017,63.95512960458923,0
INE0QOQ01013,51.55245653407327,1
INE0TNX01015,49.282468353419745,0
INE0S3D01016,54.09999805032387,0
INE883F01010,62.783497123121556,0
INE673O01025,67.6167583796104,0
INE0STN01015,49.824648506250924,0
INE0SMU01015,43.87372105368898,1
INE0S1L01013,53.20905729253208,0
INE0R4W01015,50.22764610904163,0
INE0SCB01016,58.24971795182757,0
INE0CFG01012,42.46625312297427,0
INE0R3T01013,39.81352534591232,1
INE0QRV01016,54.69371530833585,0
INE0SRI01019,51.065838806216966,1
INE0RRU01016,43.915038577172915,1
INE0TNW01017,53.090878851057894,0
INE03JT01014,63.79690370488045,0
INE0R7301013,43.244311820076454,0
INE0S6S01017,24.628802288336885,2
INE108V01019,57.5368493025411,1
INE0SQY01018,54.14584762095517,0
INE0AZY01017,45.60875958567614,0
INE639X01027,50.16978018057201,1
INE0ISZ01012,52.93876873590307,0
INE0RIQ01013,51.19279605358788,1
INE0RUV01018,57.315558013503015,0
INE0N2D01013,44.57897168607706,0
INE0ATZ01017,55.22838834581216,0
INE0R7D01018,48.95543223754186,1
INE0QZ901011,40.95348479056922,1
INE0QUV01010,36.80164513289787,1
INE0HV901016,69.02575883744449,0
INE0S0I01011,42.90417807491839,0
INE0S7E01015,46.492596268466855,0
INE916Y01027,58.883964810907436,0
INE841L01016,62.93957954860233,0
INE0RUJ01013,70.83732137077445,0
INE0PQK01013,38.8147114669031,2
INE0OUW01013,45.95474342480568,0
INE0S9101013,37.14083796237338,2
INE0S6R01027,46.09291254696809,0
INE0PE401018,57.554415405211735,0
INE01A001028,54.2256962605511,0
INE0T7B01010,48.75140384443665,0
INE0BHK01012,50.65158373632072,0
INE0SH001010,56.58087341508843,0
INE01IH01015,40.26116660511765,0
INE998U01015,61.5871191259454,0
INE0SCO01019,42.46527542498376,0
INE0PMR01017,45.410370866317514,0
INE552Z01027,58.92961916582429,0
INE0JRD01019,28.77196691175811,2
INE0S2V01010,53.77945977438359,0
INE0SUN01013,60.43971962714699,0
INE0B9K01025,62.14452845658123,0
INE168P01015,69.55524593121656,0
INE0M3I01029,58.07945304632569,0
INE0R8C01018,51.64542478710173,0
INE0U9101019,51.13474155728807,0
INE0P4701011,42.13668657878225,1
INE0RPM01017,45.72432370432643,0
INE0T3401029,41.89149822222151,1
INE0V9N01017,62.39308529876636,0
INE0UK501010,38.14600770112852,1
INE0OXV01027,45.31804064120492,0
INE0R0J01010,37.425086888882966,2
INE0SVY01018,43.33963000457169,0
INE08NE01025,60.06591496519154,0
INE0SA001017,48.16960001647867,0
INE0QXL01015,47.69489166734515,0
INE0MNP01016,46.87833770138494,0
INE0U1T01012,59.052952057531186,0
INE0R3101011,58.306366547461025,0
INE0QMR01015,42.60698391616939,1
INE0LQG01010,43.06898377804755,0
INE0SYV01018,50.92073836573131,0
INE0BSN01013,43.97977261318869,0
INE0SBP01018,47.23949834587298,0
INE0RMR01013,34.6041981526845,1
INE0RFP01011,49.86544933691067,0
INE0SZ301012,55.82496880355798,0
INE0PCU01012,41.75115068266637,0
INE0LAA01017,43.5096300045717,0
INE09XN01023,55.40925679884596,0
INE06IJ01010,44.63475770112852,0
INE0AG901020,66.77270952624495,0
INE0YRN01025,43.582685361755395,0
INE0YAL01017,34.55973139817529,1
INE0LXG01040,48.021583139500066,1
INE0OXY01013,53.047962762535356,0
INE02RE01045,51.38269371758503,1
INE00U401027,64.386501446847,0
INE0TSF01011,47.974797162997625,0
INE0PQ101010,43.73849718418937,0
INE0S3H01017,48.753482111913854,0
INE0U2N01013,44.14817726201208,0
INE0SFZ01018,44.95014776353078,1
INE0U0201016,50.8501434161277,0
INE0U2501017,42.029098800914184,0
INE00M901018,60.69454433135653,1
INE0R4Z01018,50.62599756456508,0
INE0T9I01011,50.364436184960674,0
INE0PPK01015,43.618128634380184,1
INE0KZF01015,40.81735913284057,1
INE0SK201011,46.77833447749018,1
INE0QA901010,54.21539878588855,0
INE0SMY01017,46.41911655237283,1
INE0BS701011,70.87273116181312,0
INE0U2M01015,49.94314020817034,1
INE0DHF01018,43.74707912969995,0
INE0WL801011,47.82332134705592,0
INE0S2W01018,52.619841943124705,0
INE06HJ01020,65.73416960065089,0
INE0SG001011,57.334664529209384,1
INE0QNI01012,46.11492188804177,1
INE01FR01028,59.13441408514378,0
INE0RE001014,38.01870957464848,1
INE0RXB01022,36.59028476647645,1
INE0N4701016,49.92595704810243,1
INE0UYT01018,54.90156036981939,0
INE08NZ01012,44.85932882893421,0
INE0S2G01011,35.21741482808766,1
INE0RVQ01016,50.27954425308237,0
INE0TR001017,43.92699596451549,0
INE0UL701015,51.33256210108924,0
INE0LY301010,53.09984036678718,1
INE0QTE01018,42.928531635047314,0
INE01YQ01013,49.00809814463482,0
INE377Y01014,59.54177497105224,0
INE0O6601022,50.870380536090686,0
INE0RWQ01014,40.697494249616014,1
INE0QR801013,40.390392582923035,0
INE953R01016,59.113461259736155,0
INE0S1D01010,45.32412564986368,0
INE0Y4801011,48.23937167343331,1
INE0Q3401017,42.5040508546174,2
INE0CJF01024,48.17478620464457,0
INE850M01015,58.192554102277505,0
INE0QRL01017,56.13921129686531,0
INE0PZB01013,37.54964432260719,1
INE0S7C01019,37.04189661572151,0
INE0SUH01015,53.84978197194304,0
INE0VG601013,24.407400864496537,2
INE0RMF01018,47.04614236063268,0
INE0Q6001012,36.08309973838724,1
INE0T0L01014,36.05729989480262,1
INE0X6F01017,45.34267436779519,0
INE0FPO01018,36.848246295296086,1
INE0TFB01017,32.66557499187112,1
INE0SQH01013,38.944074817081024,1
INE939X01013,50.29532390879878,0
INE0MVO01012,50.071316938428666,0
INE0OO201011,49.54035996064802,0
INE0JQS01019,38.05025406931657,1
INE0Q3J01015,58.00545409980225,0
INE0SHE01019,44.22484838003572,1
INE0B2801011,43.700539197653896,0
INE0QUL01011,37.41242856665855,1
INE184O01015,43.31356757354921,0
INE0YKW01013,42.71991769703829,0
INE0RBQ01018,61.54306772704205,0
INE0QYI01019,43.90418639695208,0
INE0TO501019,45.39182356051315,0
INE00MT01022,40.50268714790612,2
INE0U6201010,44.16846107055266,0
INE0TG801013,43.820337110674096,1
INE471R01019,42.72009402919662,1
INE0S9501014,46.762751397543006,0
INE0JVO01026,43.418682418572764,1
INE0YRO01015,42.140022089468296,0
INE0VJG01014,44.7721751210324,0
INE0V6F01027,67.80292159266217,0
INE0VZS01015,47.7695437216394,0
INE0SFW01015,53.36623488344047,0
INE0M1F01011,39.82524284165913,1
INE0OPA01019,48.65735616834372,0
INE377N01017,70.62844544752743,0
INE0YU901016,58.220804848494545,0
INE0SMR01011,45.36120118461726,0
INE0YHV01011,49.61116260818066,0
INE497S01012,46.0984088072854,0
INE0LS001014,46.576320559934565,0
INE101I01011,67.25830696477693,0
INE0W2G01015,73.41039907027313,0
INE622W01025,47.37446806294924,1
INE00H001014,53.23812865293189,1
INE995S01015,57.02098763743878,0
INE0N1401016,48.16723688633948,0
INE0RU901015,37.77630726768592,2
INE0UIZ01018,44.04685753316489,1
INE0WVU01018,46.91966258742826,0
INE0ONG01011,56.33457524602425,0
INE0LLY01014,51.35560531598369,0
INE0R0201012,58.406185372626204,0
INE0VN801010,51.35677753430457,1
INE0VHU01019,58.808738760611405,0
INE0U7V01015,65.52677056850081,0
INE0UYG01015,44.816764946366206,0
INE0T4V01015,59.262425922456046,0
INE0P8X01016,56.80379599088188,1
INE0TVT01024,44.83627494839511,0
INE877V01027,53.46584643470031,0
INE0DQN01013,61.157612203414715,0
INE0RHD01013,47.91719806376184,0
INE0V9V01010,51.87562790833924,0
INE0WCH01015,54.51997151516122,1
INE0XAY01012,60.93823595778081,1
INE0U6N01014,39.12701095695264,1
INE0P5R01014,50.339975734426204,0
INE0HLU01028,51.778201150604595,0
INE570L01029,54.469953577557455,0
INE01EA01019,68.80934321941936,0
INE00GK01023,53.1430801215357,0
INE115Q01022,73.19387001615213,0
INE0Q9301021,64.18342170777262,0
INE0QBD01018,40.87667916767611,2
INE0LB101011,58.88745653407327,0
INE0TD101011,48.426757229446935,2
INE037Z01029,55.1245971289559,0
INE0JPD01013,55.65611064751466,0
INE454P01035,62.35946308417641,1
INE0TP801012,39.51206439124423,1
INE284H01025,50.13788123885611,1
INE0TO701015,55.07367363072047,0
INE0V7W01012,58.40142349730557,0
INE781S01027,54.47747566944541,0
INE0RB801010,52.758508499526236,0
INE0U3I01011,58.72914930088063,0
INE0SI601032,51.568945381343724,0
INE0A8401016,51.62192913041341,1
INE622H01018,40.63230176487502,0
INE0ZHT01012,53.925541363393776,0
INE0RH001011,60.20507626889435,0
INE0QQJ01021,50.844198752993954,0
INE0Q2L01013,55.49065226174674,1
INE0HSD01011,47.9443409209047,0
INE0FK501019,49.07047920856586,1
INE0M4D01010,59.46702966611734,0
INE00ST01011,49.15467658842262,0
INE0XRN01019,59.98540936073323,0
INE0NQ401024,41.86747728124588,2
INE0LRY01011,32.26604304404315,1
INE0NB801022,48.576106868637325,0
INE0QX401014,48.95452885508616,1
INE0WO601020,45.031008499526244,1
INE0XOW01017,37.576349650452926,1
INE0CFH01028,63.01207898651996,0
INE12QA01010,68.45948297651107,0
INE0RYC01010,50.431610457759746,0
INE0ZOL01023,61.120963811898704,0
INE0WXM01011,66.56067862297094,0
INE113601012,50.79400728877285,0
INE0R4L01018,39.33081021432863,1
INE0WDX01010,51.72666016382649,0
INE0RWU01016,41.358846268466856,1
INE0DZD01015,50.09985927479887,0
INE943P01029,51.65261564238339,0
INE0YON01014,49.244662587428266,0
INE11HG01018,46.6444053451567,1
INE0U2L01017,63.48652348610261,0
INE15DO01012,45.47978453184709,1
INE0W0H01017,57.72708225437545,0
INE10QL01011,59.51590610551013,0
INE0R9101015,49.88638176034914,0
INE274Y01021,72.44895627262136,0
INE0B2N01016,55.88142101905904,0
INE0XUS01012,45.12690385326973,0
INE10A501018,57.863173306180784,0
INE241X01014,58.49166789266227,0
INE093A01041,65.62312479139767,0
INE0TD301017,59.80728209564132,0
INE0FFF01017,46.846372065708714,1
INE17WC01013,40.027895581330746,1
INE0EO401019,48.466010922466694,0
INE0SII01026,73.2067061912468,0
INE0TIR01017,50.71331652692792,0
INE0VA601019,45.15722477235069,0
INE13VU01016,45.146673053858215,0
INE0VYX01018,33.63841121290091,2
INE0RXS01018,37.41616828212661,1
INE0PQ601019,42.047587428145675,1
INE0VNH01014,52.91842329950962,0
INE0ABU01016,44.427080835613765,2
INE16IQ01014,48.434980268416304,0
INE0NA501011,44.33372000038423,0
INE0SMW01011,50.84176934640368,0
INE12E301017,50.47763467023355,0
INE0KLO01025,51.35558042287362,1
INE0QX901013,60.426258755830354,0
INE0TGG01014,55.411712694300164,0
INE0V0Q01019,45.199206810243595,0
INE0DM401012,50.65591112711561,1
INE0PA401012,50.33074983679303,1
INE0KWJ01014,43.307606634955164,1
INE12IB01015,56.21747151516122,1
INE10XX01012,52.13507422872449,0
INE0Z7N01017,53.45544170717664,1
INE1AII01014,48.950197307331635,1
INE0LEZ01016,60.156132560004316,1
INE0TTG01017,47.03988386446586,0
INE0AOG01018,42.00770082127957,1
INE0MV001018,46.03394260537842,1
INE0RJ901010,51.76503212727871,0
INE0VRH01015,75.3537261861399,0
INE0YSH01017,53.72409871248385,0
INE0T8T01010,59.14598502867473,1
INE16SF01016,58.18121971421848,0
INE04Q901010,62.64489340856522,0
INE894V01022,65.10134801164776,0
INE1ABX01018,66.79939774848121,0
INE0INX01018,66.83107028742847,0
INE0AQ201015,65.70040538127746,0
INE0BX301013,53.475608438361164,0
INE0X3M01010,52.77960583344064,0
INE0TG901011,50.117129985203015,0
INE0FLF01015,56.09818923717473,0
INE090501011,51.607629327256745,0
INE104101014,39.233664413615955,1
INE156901014,67.71783341165968,0
