symbol,yahoo_date,nse_date,yahoo_ratio,nse_ratio,nse_action_type,date_diff_days,status
20MICRONS,2013-01-28,2013-01-28,2.0,2.0,split,0,MATCH
AAATECH,2022-09-13,2022-09-14,1.5,1.5,bonus,1,MATCH
AAKASH,2020-03-26,2020-03-26,1.5,1.5,bonus,0,MATCH
AAKASH,2022-02-03,2022-02-03,10.0,10.0,split,0,MATCH
AARON,2019-08-29,2019-08-29,1.1,1.1,bonus,0,MATCH
AARON,2020-09-03,2020-09-03,1.9090909090909092,1.909091,bonus,0,MATCH
AARON,2025-08-25,2025-08-25,2.0,2.0,bonus,0,MATCH
AARTECH,2024-08-09,2024-08-09,1.5,1.5,bonus,0,MATCH
ABINFRA,2025-10-17,2025-10-17,10.0,10.0,split,0,MATCH
ACCURACY,2023-02-15,2023-02-15,10.0,10.0,split,0,MATCH
ACE,2008-03-13,2008-03-13,5.0,5.0,split,0,MATCH
ACEINTEG,2021-10-07,2021-10-07,1.5,1.5,bonus,0,MATCH
ACUTAAS,2025-04-25,2025-04-25,2.0,2.0,split,0,MATCH
ADANIPORTS,2010-09-23,2010-09-23,5.0,5.0,split,0,MATCH
ADANIPOWER,2025-09-22,2025-09-22,5.0,5.0,split,0,MATCH
ADSL,2009-11-11,2009-11-11,2.0,2.0,split,0,MATCH
ADVENZYMES,2017-05-25,2017-05-25,5.0,5.0,split,0,MATCH
AFFLE,2021-10-07,2021-10-07,5.0,5.0,split,0,MATCH
AFIL,2025-04-17,2025-04-17,10.0,10.0,split,0,MATCH
AGIIL,2025-02-07,2025-02-07,2.0,2.0,split,0,MATCH
AGIIL,2025-10-10,2025-10-10,5.0,5.0,split,0,MATCH
AHCL,2026-04-24,2026-04-24,2.0,2.0,bonus,0,MATCH
AILIMITED,2023-07-19,2023-07-19,2.0,2.0,bonus,0,MATCH
AIRAN,2018-08-14,2018-08-14,5.0,5.0,split,0,MATCH
AIRAN,2019-04-22,2019-04-22,2.0,2.0,bonus,0,MATCH
AJOONI,2021-03-10,2021-03-10,1.1111111111111112,1.111111,bonus,0,MATCH
AJOONI,2022-10-07,2022-10-07,5.0,5.0,split,0,MATCH
AJRINFRA,2009-10-26,2009-10-26,5.0,5.0,split,0,MATCH
AJRINFRA,2013-01-23,2013-01-23,1.0294117647058822,1.029412,bonus,0,MATCH
AKASH,2019-03-07,2019-03-07,2.0,2.0,bonus,0,MATCH
AKG,2020-12-07,2020-12-07,1.6,1.6,bonus,0,MATCH
AKI,2023-06-22,2023-06-22,5.0,5.0,split,0,MATCH
AKSHAR,2023-07-31,2023-07-31,10.0,10.0,split,0,MATCH
AKSHAR,2024-02-05,2024-02-15,1.2,1.2,bonus,10,MATCH
AKSHAR,2024-02-15,2024-02-15,1.2,1.2,bonus,0,MATCH
ALLCARGO,2015-12-30,2015-12-30,2.0,2.0,bonus,0,MATCH
ALLCARGO,2024-01-02,2024-01-02,4.0,4.0,bonus,0,MATCH
ANANDRATHI,2025-03-05,2025-03-05,2.0,2.0,bonus,0,MATCH
ANANDRATHI,2026-06-03,2026-06-03,2.0,2.0,bonus,0,MATCH
ANGELONE,2026-02-26,2026-02-26,10.0,10.0,split,0,MATCH
ANMOL,2023-07-18,2023-07-18,5.0,5.0,bonus,0,MATCH
APOLLO,2023-05-04,2023-05-04,10.0,10.0,split,0,MATCH
ARVEE,2020-10-08,2020-10-13,2.0,2.0,bonus,5,MATCH
ASCOM,2023-03-06,2023-03-06,1.5,1.5,bonus,0,MATCH
ASHOKA,2018-07-12,2018-07-12,1.5,1.5,bonus,0,MATCH
ASTRAL,2010-09-15,2010-09-15,2.0,2.0,split,0,MATCH
ASTRAL,2013-09-05,2013-09-05,2.5,2.5,split,0,MATCH
ASTRAL,2014-09-25,2014-09-25,2.0,2.0,split,0,MATCH
ASTRAL,2019-09-16,2019-09-16,1.25,1.25,bonus,0,MATCH
ASTRAL,2021-03-18,2021-03-18,1.3333333333333333,1.333333,bonus,0,MATCH
ASTRAL,2023-03-14,2023-03-14,1.3333333333333333,1.333333,bonus,0,MATCH
ATALREAL,2022-09-01,2022-09-01,3.0,3.0,bonus,0,MATCH
ATALREAL,2023-11-16,2023-11-16,5.0,5.0,split,0,MATCH
ATLANTAA,2010-11-08,2010-11-08,5.0,5.0,split,0,MATCH
AUBANK,2022-06-09,2022-06-09,2.0,2.0,bonus,0,MATCH
AUSTRAL,2009-08-07,2009-08-07,10.0,10.0,split,0,MATCH
AVROIND,2022-01-27,2022-01-27,3.1,3.1,bonus,0,MATCH
AVROIND,2026-05-05,2026-05-05,10.0,10.0,split,0,MATCH
AXITA,2022-10-21,2022-10-21,10.0,10.0,split,0,MATCH
AXITA,2023-12-22,2023-12-22,1.3333333333333333,1.333333,bonus,0,MATCH
AXITA,2024-09-13,2024-09-20,1.3333333333333333,1.333333,bonus,7,MATCH
AXITA,2026-02-13,2026-02-13,1.1,1.1,bonus,0,MATCH
BAJAJCON,2011-05-05,2011-05-05,5.0,5.0,split,0,MATCH
BANKA,2020-09-03,2020-09-08,2.5,2.5,bonus,5,MATCH
BANKBARODA,2015-01-22,2015-01-22,5.0,5.0,split,0,MATCH
BDL,2024-05-24,2024-05-24,2.0,2.0,split,0,MATCH
BECTORFOOD,2025-12-12,2025-12-12,5.0,5.0,split,0,MATCH
BEML,2025-11-03,2025-11-03,2.0,2.0,split,0,MATCH
BEWLTD,2024-10-25,2024-10-25,4.0,4.0,bonus,0,MATCH
BLKASHYAP,2007-10-22,2007-10-22,2.0,2.0,split,0,MATCH
BMETRICS,2023-01-09,2023-01-09,4.0,4.0,bonus,0,MATCH
BMETRICS,2024-10-04,2024-10-04,2.0,2.0,bonus,0,MATCH
BRIGADE,2019-08-28,2019-08-28,1.5,1.5,bonus,0,MATCH
BSE,2022-03-21,2022-03-21,3.0,3.0,bonus,0,MATCH
BSE,2025-05-23,2025-05-23,3.0,3.0,bonus,0,MATCH
BSHSL,2019-10-22,2019-10-22,1.2,1.2,bonus,0,MATCH
BSHSL,2020-08-27,2020-08-27,1.3333333333333333,1.333333,bonus,0,MATCH
BSHSL,2022-09-23,2022-09-23,10.0,10.0,split,0,MATCH
BTML,2022-09-23,2022-09-23,5.0,5.0,bonus,0,MATCH
BTML,2024-04-02,2024-04-05,10.0,10.0,split,3,MATCH
CAMS,2025-12-05,2025-12-05,5.0,5.0,split,0,MATCH
CANTABIL,2023-11-02,2023-11-02,5.0,5.0,split,0,MATCH
CCCL,2010-02-10,2010-02-10,5.0,5.0,split,0,MATCH
CDSL,2024-08-23,2024-08-23,2.0,2.0,bonus,0,MATCH
CELLECOR,2024-08-09,2024-08-09,10.0,10.0,split,0,MATCH
CLEDUCATE,2021-09-30,2021-09-30,2.0,2.0,split,0,MATCH
CLEDUCATE,2022-12-16,2022-12-16,2.0,2.0,bonus,0,MATCH
CLOUD,2023-05-09,2023-05-12,2.0,2.0,bonus,3,MATCH
COCHINSHIP,2024-01-10,2024-01-10,2.0,2.0,split,0,MATCH
CROWN,2021-10-18,2021-10-18,5.0,5.0,bonus,0,MATCH
DANGEE,2022-09-06,2022-09-06,1.5,1.5,bonus,0,MATCH
DCI,2022-01-10,2022-01-10,2.0,2.0,bonus,0,MATCH
DEVIT,2021-10-21,2021-10-21,2.0,2.0,bonus,0,MATCH
DEVIT,2022-11-25,2022-11-25,2.0,2.0,split,0,MATCH
DEVIT,2025-08-21,2025-08-21,2.5,2.5,split,0,MATCH
DHARAN,2020-07-02,2020-07-02,5.0,5.0,split,0,MATCH
DHARAN,2025-03-28,2025-04-04,2.0,2.0,bonus,7,MATCH
DIGIKORE,2025-10-24,2025-10-24,2.0,2.0,bonus,0,MATCH
DIL,2022-10-27,2022-10-27,2.0,2.0,bonus,0,MATCH
DIXON,2021-03-18,2021-03-18,5.0,5.0,split,0,MATCH
DJML,2024-08-09,2024-08-09,3.0,3.0,bonus,0,MATCH
DPWIRES,2023-11-08,2023-11-08,1.1428571428571428,1.142857,bonus,0,MATCH
DYCL,2025-07-11,2025-07-11,2.0,2.0,bonus,0,MATCH
E2E,2026-06-05,2026-06-05,10.0,10.0,split,0,MATCH
EASEMYTRIP,2022-02-24,2022-02-28,2.0,2.0,bonus,4,MATCH
EASEMYTRIP,2022-11-21,2022-11-21,4.0,4.0,bonus,0,MATCH
EASEMYTRIP,2024-11-28,2024-11-29,2.0,2.0,bonus,1,MATCH
ECLERX,2010-07-23,2010-07-23,1.5,1.5,bonus,0,MATCH
ECLERX,2015-12-17,2015-12-17,1.3333333333333333,1.333333,bonus,0,MATCH
ECLERX,2022-09-21,2022-09-21,1.5,1.5,bonus,0,MATCH
ECLERX,2026-03-13,2026-03-13,2.0,2.0,bonus,0,MATCH
EMKAYTOOLS,2018-09-24,2018-09-24,6.0,6.0,bonus,0,MATCH
ENGINERSIN,2016-12-30,2016-12-30,2.0,2.0,bonus,0,MATCH
ENSER,2025-01-03,2025-01-03,2.0,2.0,bonus,0,MATCH
ENSER,2025-02-07,2025-02-07,5.0,5.0,split,0,MATCH
ESFL,2024-12-13,2024-12-13,1.2,1.2,bonus,0,MATCH
EXXARO,2024-12-13,2024-12-13,10.0,10.0,split,0,MATCH
FCL,2015-02-12,2015-02-12,2.0,2.0,bonus,0,MATCH
FCL,2015-06-11,2015-06-11,5.0,5.0,split,0,MATCH
FIEMIND,2024-02-28,2024-02-28,2.0,2.0,bonus,0,MATCH
FOCUS,2019-07-22,2019-07-22,3.0,3.0,bonus,0,MATCH
FOCUS,2023-10-06,2023-10-06,5.0,5.0,split,0,MATCH
GANGAFORGE,2021-01-11,2021-01-11,1.3333333333333333,1.333333,bonus,0,MATCH
GANGAFORGE,2021-09-09,2021-09-13,10.0,10.0,split,4,MATCH
GAYAPROJ,2017-02-10,2017-02-10,5.0,5.0,split,0,MATCH
GEEKAYWIRE,2023-10-23,2023-10-23,5.0,5.0,split,0,MATCH
GEEKAYWIRE,2025-10-24,2025-10-30,2.0,2.0,split,6,MATCH
GENSOL,2023-10-17,2023-10-17,3.0,3.0,bonus,0,MATCH
GICL,2021-03-18,2021-03-18,1.25,1.25,bonus,0,MATCH
GICL,2022-10-12,2022-10-12,2.0,2.0,bonus,0,MATCH
GICRE,2018-07-12,2018-07-12,2.0,2.0,bonus,0,MATCH
GIRIRAJ,2023-11-03,2023-11-03,5.0,5.0,bonus,0,MATCH
GLOBAL,2020-11-12,2020-11-12,4.1,4.1,bonus,0,MATCH
GLOBAL,2022-10-19,2022-10-19,2.0,2.0,split,0,MATCH
GLOBAL,2024-12-10,2024-12-10,2.5,2.5,split,0,MATCH
GLOBE,2021-07-29,2021-08-03,3.0,3.0,bonus,5,MATCH
GMRAIRPORT,2007-09-28,2007-09-28,5.0,5.0,split,0,MATCH
GMRAIRPORT,2009-10-01,2009-10-01,2.0,2.0,split,0,MATCH
GNA,2023-09-01,2023-09-01,2.0,2.0,bonus,0,MATCH
GODREJPROP,2013-11-21,2013-11-21,2.0,2.0,split,0,MATCH
GOENKA,2012-10-25,2012-10-25,10.0,10.0,split,0,MATCH
GOKUL,2009-10-14,2009-10-14,5.0,5.0,split,0,MATCH
GOLDSTAR,2023-01-20,2023-01-20,1.8,1.8,bonus,0,MATCH
GOLDSTAR,2023-07-19,2023-07-19,1.25,1.25,bonus,0,MATCH
GOYALALUM,2023-04-25,2023-04-25,10.0,10.0,split,0,MATCH
GPIL,2021-10-26,2021-10-26,2.0,2.0,bonus,0,MATCH
GPIL,2024-10-04,2024-10-04,5.0,5.0,split,0,MATCH
GRAVITA,2012-05-25,2012-05-25,5.0,5.0,split,0,MATCH
GULPOLY,2023-06-21,2023-06-21,1.2,1.2,bonus,0,MATCH
GVKPIL,2008-02-08,2008-02-08,10.0,10.0,split,0,MATCH
HAL,2023-09-28,2023-09-28,2.0,2.0,split,0,MATCH
HARDWYN,2022-07-21,2022-07-25,1.5,1.5,bonus,4,MATCH
HARDWYN,2024-12-27,2024-12-27,1.4,1.4,bonus,0,MATCH
HATHWAY,2015-01-06,2015-01-06,5.0,5.0,split,0,MATCH
HDFCAMC,2025-11-26,2025-11-26,2.0,2.0,bonus,0,MATCH
HECPROJECT,2021-10-07,2021-10-07,5.0,5.0,bonus,0,MATCH
HINDCON,2023-11-10,2023-11-10,5.0,5.0,split,0,MATCH
HITECH,2023-03-17,2023-03-17,10.0,10.0,split,0,MATCH
HMAAGRO,2023-12-29,2023-12-29,10.0,10.0,split,0,MATCH
HPAL,2023-11-09,2023-11-09,5.0,5.0,split,0,MATCH
ICICIBANK,2014-12-04,2014-12-04,5.0,5.0,split,0,MATCH
ICICIBANK,2017-06-20,2017-06-20,1.1,1.1,bonus,0,MATCH
IEX,2018-10-19,2018-10-19,10.0,10.0,split,0,MATCH
IEX,2021-12-03,2021-12-03,3.0,3.0,bonus,0,MATCH
INDIAMART,2023-06-21,2023-06-21,2.0,2.0,bonus,0,MATCH
INDOTHAI,2025-07-18,2025-07-18,10.0,10.0,split,0,MATCH
INFINIUM,2023-09-13,2023-09-13,2.0,2.0,bonus,0,MATCH
INFOBEAN,2026-02-27,2026-02-27,4.0,4.0,bonus,0,MATCH
INM,2025-12-05,2025-12-05,2.0,2.0,bonus,0,MATCH
INNOVANA,2019-12-17,2019-12-17,2.5,2.5,bonus,0,MATCH
INNOVANA,2023-03-29,2023-03-29,2.0,2.0,bonus,0,MATCH
INOXWIND,2024-05-17,2024-05-24,4.0,4.0,bonus,7,MATCH
INSECTICID,2015-04-16,2015-04-16,1.5,1.5,bonus,0,MATCH
INSECTICID,2022-09-30,2022-09-30,1.5,1.5,bonus,0,MATCH
INVENTURE,2021-06-24,2021-06-24,10.0,10.0,split,0,MATCH
IRB,2023-02-22,2023-02-22,10.0,10.0,split,0,MATCH
IRB,2026-03-30,2026-03-30,2.0,2.0,bonus,0,MATCH
IRCON,2020-04-03,2020-04-03,5.0,5.0,split,0,MATCH
IRCON,2021-05-20,2021-05-20,2.0,2.0,bonus,0,MATCH
IRCTC,2021-10-28,2021-10-28,5.0,5.0,split,0,MATCH
IRISDOREME,2020-10-14,2020-10-14,3.5,3.5,bonus,0,MATCH
IRISDOREME,2023-08-11,2023-08-11,5.0,5.0,split,0,MATCH
IRISDOREME,2025-07-04,2025-07-04,2.0,2.0,bonus,0,MATCH
JAGRAN,2008-01-09,2008-01-09,5.0,5.0,split,0,MATCH
JAKHARIA,2025-10-08,2025-10-08,3.0,3.0,bonus,0,MATCH
JASH,2024-10-30,2024-10-30,5.0,5.0,split,0,MATCH
JETFREIGHT,2018-09-12,2018-09-12,2.0,2.0,bonus,0,MATCH
JETFREIGHT,2022-05-19,2022-05-19,2.0,2.0,split,0,MATCH
JFLLIFE,2024-09-24,2024-09-24,3.0,3.0,bonus,0,MATCH
JKIL,2015-12-10,2015-12-10,2.0,2.0,split,0,MATCH
JSLL,2023-11-02,2023-11-02,1.8,1.8,bonus,0,MATCH
JUBLFOOD,2018-06-21,2018-06-21,2.0,2.0,bonus,0,MATCH
JUBLFOOD,2022-04-19,2022-04-19,5.0,5.0,split,0,MATCH
JYOTHYLAB,2008-12-12,2008-12-12,5.0,5.0,split,0,MATCH
JYOTHYLAB,2012-07-12,2012-07-12,2.0,2.0,bonus,0,MATCH
JYOTHYLAB,2018-06-28,2018-06-28,2.0,2.0,bonus,0,MATCH
KAMDHENU,2025-01-08,2025-01-08,10.0,10.0,split,0,MATCH
KAPSTON,2020-01-27,2020-01-27,1.1666666666666667,1.166667,bonus,0,MATCH
KAPSTON,2024-08-09,2024-08-09,2.0,2.0,split,0,MATCH
KAPSTON,2026-03-06,2026-03-06,1.5,1.5,bonus,0,MATCH
KARNIKA,2025-08-29,2025-08-29,5.0,5.0,bonus,0,MATCH
KCK,2024-10-30,2024-10-30,5.0,5.0,split,0,MATCH
KDL,2025-01-17,2025-01-17,3.0,3.0,bonus,0,MATCH
KHFM,2021-12-16,2021-12-16,1.0333333333333334,1.033333,bonus,0,MATCH
KIMS,2024-09-13,2024-09-13,5.0,5.0,split,0,MATCH
KKCL,2021-12-16,2021-12-16,5.0,5.0,bonus,0,MATCH
KKVAPOW,2025-09-26,2025-09-26,1.1,1.1,bonus,0,MATCH
KMEW,2025-12-22,2025-12-22,2.0,2.0,split,0,MATCH
KNRCON,2021-02-03,2021-02-03,2.0,2.0,bonus,0,MATCH
KODYTECH,2024-12-06,2024-12-06,2.0,2.0,bonus,0,MATCH
KPIGREEN,2023-01-18,2023-01-18,2.0,2.0,bonus,0,MATCH
KPIGREEN,2024-02-15,2024-02-15,1.5,1.5,bonus,0,MATCH
KPIGREEN,2024-07-18,2024-07-18,2.0,2.0,split,0,MATCH
KPIGREEN,2025-01-03,2025-01-03,1.5,1.5,bonus,0,MATCH
KPRMILL,2021-09-24,2021-09-24,5.0,5.0,split,0,MATCH
KRISHANA,2023-10-25,2023-10-25,2.0,2.0,bonus,0,MATCH
KRITIKA,2022-08-29,2022-08-30,5.0,5.0,split,1,MATCH
KRITIKA,2023-12-19,2023-12-19,3.0,3.0,bonus,0,MATCH
KSCL,2014-01-27,2014-01-27,5.0,5.0,split,0,MATCH
KSERASERA,2015-03-30,2015-03-30,10.0,10.0,split,0,MATCH
KSHITIJPOL,2021-08-13,2021-08-13,1.1666666666666667,1.166667,bonus,0,MATCH
KSHITIJPOL,2022-10-27,2022-10-27,5.0,5.0,split,0,MATCH
KSOLVES,2021-06-04,2021-06-04,4.0,4.0,bonus,0,MATCH
KSOLVES,2021-09-06,2021-09-06,2.0,2.0,bonus,0,MATCH
KSOLVES,2025-02-06,2025-02-06,2.0,2.0,split,0,MATCH
LAL,2024-03-28,2024-03-28,1.5454545454545454,1.545455,bonus,0,MATCH
LALPATHLAB,2025-12-19,2025-12-19,2.0,2.0,bonus,0,MATCH
LATTEYS,2022-10-12,2022-10-12,2.5,2.5,bonus,0,MATCH
LATTEYS,2023-02-10,2023-02-10,5.0,5.0,split,0,MATCH
LAURUSLABS,2020-09-29,2020-09-29,5.0,5.0,split,0,MATCH
LEMERITE,2026-05-29,2026-05-29,5.0,5.0,split,0,MATCH
LGHL,2025-10-10,2025-10-10,2.4,2.4,bonus,0,MATCH
LIBAS,2018-09-21,2018-09-21,1.5,1.5,bonus,0,MATCH
LIBAS,2021-04-06,2021-04-06,1.2,1.2,bonus,0,MATCH
LIBAS,2021-09-21,2021-09-21,1.2,1.2,bonus,0,MATCH
LICI,2026-05-29,2026-05-29,2.0,2.0,bonus,0,MATCH
LIKHITHA,2022-12-01,2022-12-02,2.0,2.0,split,1,MATCH
LODHA,2023-05-26,2023-05-31,2.0,2.0,bonus,5,MATCH
LUMAXTECH,2018-06-07,2018-06-07,5.0,5.0,split,0,MATCH
M&MFIN,2013-02-15,2013-02-15,5.0,5.0,split,0,MATCH
MACPOWER,2020-06-30,2020-06-30,1.02,1.02,bonus,0,MATCH
MAHESHWARI,2020-10-13,2020-10-13,2.0,2.0,bonus,0,MATCH
MANINFRA,2021-11-17,2021-11-17,1.5,1.5,bonus,0,MATCH
MANORAMA,2024-03-07,2024-03-07,5.0,5.0,split,0,MATCH
MANPASAND,2017-09-27,2017-09-27,2.0,2.0,bonus,0,MATCH
MARINE,2021-02-18,2021-02-18,5.0,5.0,split,0,MATCH
MASFIN,2024-02-22,2024-02-22,3.0,3.0,bonus,0,MATCH
MAZDOCK,2024-12-27,2024-12-27,2.0,2.0,split,0,MATCH
MBAPL,2022-10-18,2022-10-18,2.0,2.0,bonus,0,MATCH
MBAPL,2023-10-20,2023-10-20,2.0,2.0,bonus,0,MATCH
MBLINFRA,2015-07-28,2015-07-28,2.0,2.0,bonus,0,MATCH
MCL,2018-09-05,2018-09-05,3.0,3.0,bonus,0,MATCH
MCL,2019-05-02,2019-05-02,2.0,2.0,split,0,MATCH
MCL,2019-10-22,2019-10-22,2.0,2.0,bonus,0,MATCH
MCX,2026-01-02,2026-01-02,5.0,5.0,split,0,MATCH
MEDICO,2023-03-16,2023-03-16,5.0,5.0,split,0,MATCH
METROPOLIS,2026-03-20,2026-03-20,4.0,4.0,bonus,0,MATCH
MGEL,2020-08-31,2020-08-31,1.5,1.5,bonus,0,MATCH
MGEL,2022-08-18,2022-08-18,5.0,5.0,split,0,MATCH
MGEL,2025-03-04,2025-03-04,2.0,2.0,split,0,MATCH
MHRIL,2017-07-10,2017-07-10,1.5,1.5,bonus,0,MATCH
MHRIL,2021-09-08,2021-09-08,1.5,1.5,bonus,0,MATCH
MICEL,2008-06-27,2008-06-27,5.0,5.0,split,0,MATCH
MILTON,2019-10-14,2019-10-14,1.1,1.1,bonus,0,MATCH
MITTAL,2019-06-20,2019-06-20,1.6666666666666667,1.666667,bonus,0,MATCH
MITTAL,2021-08-31,2021-08-31,1.1,1.1,bonus,0,MATCH
MITTAL,2023-11-01,2023-11-01,10.0,10.0,split,0,MATCH
MKPL,2023-02-03,2023-02-03,3.0,3.0,bonus,0,MATCH
MKPL,2023-11-10,2023-11-10,10.0,10.0,split,0,MATCH
MKPL,2024-03-15,2024-03-15,3.0,3.0,bonus,0,MATCH
MMP,2019-12-30,2019-12-30,1.5,1.5,bonus,0,MATCH
MOIL,2017-09-27,2017-09-27,2.0,2.0,bonus,0,MATCH
MOKSH,2021-07-14,2021-07-14,5.0,5.0,split,0,MATCH
MONEYBOXX,2025-12-15,2025-12-15,2.0,2.0,bonus,0,MATCH
MOS,2025-08-08,2025-08-08,5.0,5.0,split,0,MATCH
MOS,2025-10-14,2025-10-14,2.0,2.0,bonus,0,MATCH
MOTILALOFS,2008-07-25,2008-07-25,5.0,5.0,split,0,MATCH
MOTILALOFS,2024-06-10,2024-06-10,4.0,4.0,bonus,0,MATCH
MOTISONS,2024-11-08,2024-11-08,10.0,10.0,split,0,MATCH
MOXSH,2024-10-09,2024-10-09,4.0,4.0,bonus,0,MATCH
NARMADA,2020-02-25,2020-02-25,1.8,1.8,bonus,0,MATCH
NAUKRI,2010-09-27,2010-09-27,2.0,2.0,bonus,0,MATCH
NAUKRI,2012-06-22,2012-06-22,2.0,2.0,bonus,0,MATCH
NAUKRI,2025-05-07,2025-05-07,5.0,5.0,split,0,MATCH
NAZARA,2022-06-24,2022-06-24,2.0,2.0,bonus,0,MATCH
NAZARA,2025-09-26,2025-09-26,2.0,2.0,bonus,0,MATCH
NBCC,2016-06-02,2016-06-02,5.0,5.0,split,0,MATCH
NBCC,2017-02-17,2017-02-17,1.5,1.5,bonus,0,MATCH
NBCC,2018-04-25,2018-04-25,2.0,2.0,split,0,MATCH
NBCC,2024-10-07,2024-10-07,1.5,1.5,bonus,0,MATCH
NELCAST,2011-09-06,2011-09-06,5.0,5.0,split,0,MATCH
NEWGEN,2024-01-12,2024-01-12,2.0,2.0,bonus,0,MATCH
NIACL,2018-06-27,2018-06-27,2.0,2.0,bonus,0,MATCH
NINSYS,2023-08-03,2023-08-03,1.8,1.8,bonus,0,MATCH
NITINFIRE,2010-11-04,2010-11-04,5.0,5.0,split,0,MATCH
NITINFIRE,2011-09-22,2011-09-22,3.5,3.5,bonus,0,MATCH
NITINFIRE,2014-11-13,2014-11-13,1.3333333333333333,1.333333,bonus,0,MATCH
NITIRAJ,2019-09-30,2019-09-30,1.25,1.25,bonus,0,MATCH
NMDC,2008-04-10,2008-04-10,10.0,10.0,split,0,MATCH
NMDC,2008-05-21,2008-05-21,3.0,3.0,bonus,0,MATCH
NMDC,2024-12-27,2024-12-27,3.0,3.0,bonus,0,MATCH
NPST,2024-02-02,2024-02-02,3.0,3.0,bonus,0,MATCH
NRL,2022-02-22,2022-02-22,1.1,1.1,bonus,0,MATCH
NRL,2022-12-23,2022-12-23,2.0,2.0,bonus,0,MATCH
NRL,2024-03-20,2024-03-20,1.5,1.5,bonus,0,MATCH
NTPC,2019-03-19,2019-03-19,1.2,1.2,bonus,0,MATCH
NUTEK,2009-12-23,2009-12-23,2.0,2.0,split,0,MATCH
NYKAA,2022-11-10,2022-11-10,6.0,6.0,bonus,0,MATCH
OIL,2012-03-29,2012-03-29,2.5,2.5,bonus,0,MATCH
OIL,2017-01-12,2017-01-12,1.3333333333333333,1.333333,bonus,0,MATCH
OIL,2018-03-27,2018-03-27,1.5,1.5,bonus,0,MATCH
OIL,2024-07-02,2024-07-02,1.5,1.5,bonus,0,MATCH
OMAXE,2013-11-11,2013-11-11,1.2564102564102564,1.25641,bonus,0,MATCH
OMFURN,2023-10-06,2023-10-06,1.2,1.2,bonus,0,MATCH
ONEPOINT,2019-04-24,2019-04-24,1.5,1.5,bonus,0,MATCH
ONMOBILE,2011-05-03,2011-05-03,2.0,2.0,bonus,0,MATCH
OPTOCIRCUI,2006-10-30,2006-10-30,2.0,2.0,bonus,0,MATCH
OPTOCIRCUI,2007-10-25,2007-10-25,1.5,1.5,bonus,0,MATCH
OPTOCIRCUI,2008-11-03,2008-11-03,1.7,1.7,bonus,0,MATCH
OPTOCIRCUI,2012-03-29,2012-03-29,1.3,1.3,bonus,0,MATCH
ORIENTTECH,2026-01-05,2026-01-05,1.1,1.1,bonus,0,MATCH
OSIAHYPER,2022-06-20,2022-06-20,1.6,1.6,bonus,0,MATCH
OSIAHYPER,2023-03-13,2023-03-13,10.0,10.0,split,0,MATCH
OSWALSEEDS,2023-08-18,2023-08-18,5.0,5.0,split,0,MATCH
OSWALSEEDS,2024-02-02,2024-02-02,1.2,1.2,bonus,0,MATCH
PANACHE,2019-07-18,2019-07-18,2.0,2.0,bonus,0,MATCH
PAR,2021-04-27,2021-04-27,2.0,2.0,bonus,0,MATCH
PARAS,2025-07-04,2025-07-04,2.0,2.0,split,0,MATCH
PARSVNATH,2010-10-18,2010-10-18,2.0,2.0,split,0,MATCH
PARTYCRUS,2023-04-17,2023-04-18,2.0,2.0,bonus,1,MATCH
PASHUPATI,2026-04-17,2026-04-17,10.0,10.0,split,0,MATCH
PATANJALI,2025-09-11,2025-09-11,3.0,3.0,bonus,0,MATCH
PAVNAIND,2022-09-01,2022-09-05,2.0,2.0,bonus,4,MATCH
PAVNAIND,2025-09-01,2025-09-01,10.0,10.0,split,0,MATCH
PCJEWELLER,2017-07-06,2017-07-06,2.0,2.0,bonus,0,MATCH
PCJEWELLER,2024-12-16,2024-12-16,10.0,10.0,split,0,MATCH
PERSISTENT,2015-03-10,2015-03-10,2.0,2.0,bonus,0,MATCH
PERSISTENT,2024-03-28,2024-03-28,2.0,2.0,split,0,MATCH
PFC,2016-08-26,2016-08-26,2.0,2.0,bonus,0,MATCH
PFC,2023-09-21,2023-09-21,1.25,1.25,bonus,0,MATCH
PFOCUS,2010-10-29,2010-10-29,10.0,10.0,split,0,MATCH
PGEL,2024-07-10,2024-07-10,10.0,10.0,split,0,MATCH
PGIL,2024-01-05,2024-01-05,2.0,2.0,split,0,MATCH
PNCINFRA,2016-08-12,2016-08-12,5.0,5.0,split,0,MATCH
POWERGRID,2021-07-29,2021-07-29,1.3333333333333333,1.333333,bonus,0,MATCH
POWERGRID,2023-09-12,2023-09-12,1.3333333333333333,1.333333,bonus,0,MATCH
POWERMECH,2024-10-08,2024-10-08,2.0,2.0,bonus,0,MATCH
PRAKASHSTL,2016-03-03,2016-03-03,10.0,10.0,split,0,MATCH
PRATIBHA,2010-07-30,2010-07-30,5.0,5.0,split,0,MATCH
PRITI,2021-10-20,2021-10-20,4.0,4.0,bonus,0,MATCH
PRITIKA,2025-02-14,2025-02-14,2.0,2.0,split,0,MATCH
PULZ,2019-09-26,2019-09-26,2.0,2.0,bonus,0,MATCH
PULZ,2023-03-01,2023-03-01,2.0,2.0,bonus,0,MATCH
PULZ,2024-10-25,2024-10-25,2.0,2.0,bonus,0,MATCH
QUADPRO,2022-09-26,2022-10-03,2.0,2.0,bonus,7,MATCH
RADHIKAJWE,2023-05-26,2023-05-26,5.0,5.0,split,0,MATCH
RADIOCITY,2019-02-19,2019-02-20,5.0,5.0,split,1,MATCH
RADIOCITY,2020-03-12,2020-03-12,1.25,1.25,bonus,0,MATCH
RAJMET,2020-09-03,2020-09-03,2.0,2.0,bonus,0,MATCH
RAJMET,2021-09-02,2021-09-02,1.5,1.5,bonus,0,MATCH
RAJMET,2022-09-15,2022-09-15,1.5,1.5,bonus,0,MATCH
RAJMET,2022-11-30,2022-11-30,10.0,10.0,split,0,MATCH
RECLTD,2016-09-28,2016-09-28,2.0,2.0,bonus,0,MATCH
RECLTD,2022-08-17,2022-08-17,1.3333333333333333,1.333333,bonus,0,MATCH
REDINGTON,2010-08-20,2010-08-20,5.0,5.0,split,0,MATCH
REDINGTON,2021-08-18,2021-08-18,2.0,2.0,bonus,0,MATCH
REFEX,2024-03-22,2024-03-22,5.0,5.0,split,0,MATCH
RELIABLE,2019-10-03,2019-10-03,1.2,1.2,bonus,0,MATCH
REMUS,2024-06-06,2024-06-06,4.0,4.0,bonus,0,MATCH
REMUS,2025-07-04,2025-07-04,2.0,2.0,bonus,0,MATCH
RGL,2022-07-19,2022-07-19,5.0,5.0,split,0,MATCH
RITES,2019-08-08,2019-08-08,1.25,1.25,bonus,0,MATCH
RITES,2024-09-20,2024-09-20,2.0,2.0,bonus,0,MATCH
RMDRIP,2025-09-26,2025-09-26,10.0,10.0,split,0,MATCH
RMDRIP,2026-04-07,2026-04-10,1.7142857142857142,1.714286,bonus,3,MATCH
RNBDENIMS,2026-04-02,2026-04-02,2.0,2.0,split,0,MATCH
ROLEXRINGS,2025-10-17,2025-10-17,10.0,10.0,split,0,MATCH
RPEL,2024-11-29,2024-11-29,2.0,2.0,bonus,0,MATCH
RPOWER,2008-05-30,2008-05-30,1.6,1.6,bonus,0,MATCH
RPPL,2024-02-26,2024-02-26,3.0,3.0,bonus,0,MATCH
RPPL,2024-09-17,2024-09-17,2.0,2.0,split,0,MATCH
RSYSTEMS,2014-02-26,2014-02-26,10.0,10.0,split,0,MATCH
RUCHIRA,2022-10-07,2022-10-10,1.1,1.1,bonus,3,MATCH
RUSHIL,2024-08-09,2024-08-09,10.0,10.0,split,0,MATCH
SADBHAV,2010-12-07,2010-12-07,10.0,10.0,split,0,MATCH
SAGARDEEP,2020-09-30,2020-10-05,1.5,1.5,bonus,5,MATCH
SAHAJSOLAR,2025-04-02,2025-04-02,2.0,2.0,bonus,0,MATCH
SAIFL,2025-06-11,2025-06-11,5.0,5.0,bonus,0,MATCH
SAKUMA,2018-11-12,2018-11-12,10.0,10.0,split,0,MATCH
SAKUMA,2024-08-09,2024-08-09,5.0,5.0,bonus,0,MATCH
SALASAR,2021-07-13,2021-07-13,2.0,2.0,bonus,0,MATCH
SALASAR,2022-06-27,2022-06-27,10.0,10.0,split,0,MATCH
SALASAR,2024-02-01,2024-02-01,5.0,5.0,bonus,0,MATCH
SANCO,2016-08-10,2016-08-10,1.2,1.2,bonus,0,MATCH
SAPPHIRE,2024-09-05,2024-09-05,5.0,5.0,split,0,MATCH
SARVESHWAR,2023-09-05,2023-09-15,3.0,3.0,bonus,10,MATCH
SARVESHWAR,2023-09-15,2023-09-15,3.0,3.0,bonus,0,MATCH
SBC,2024-01-19,2024-01-19,1.5,1.5,bonus,0,MATCH
SBC,2025-03-04,2025-03-10,1.5,1.5,bonus,6,MATCH
SBGLP,2024-04-18,2024-04-18,10.0,10.0,split,0,MATCH
SCI,2008-10-29,2008-10-29,1.5,1.5,bonus,0,MATCH
SECL,2022-07-06,2022-07-06,1.25,1.25,bonus,0,MATCH
SECL,2023-05-03,2023-05-03,10.0,10.0,split,0,MATCH
SECURCRED,2022-05-18,2022-05-18,2.1,2.1,bonus,0,MATCH
SECURCRED,2022-12-26,2023-01-04,4.0,4.0,bonus,9,MATCH
SECURCRED,2023-01-04,2023-01-04,4.0,4.0,bonus,0,MATCH
SENCO,2025-01-31,2025-01-31,2.0,2.0,split,0,MATCH
SERVOTECH,2023-02-03,2023-02-03,5.0,5.0,split,0,MATCH
SERVOTECH,2023-07-28,2023-07-28,2.0,2.0,split,0,MATCH
SETUINFRA,2012-12-13,2012-12-13,10.0,10.0,split,0,MATCH
SFL,2022-12-21,2022-12-21,2.0,2.0,bonus,0,MATCH
SHAH,2016-10-13,2016-10-13,10.0,10.0,split,0,MATCH
SHAIVAL,2017-10-17,2017-10-17,6.0,6.0,bonus,0,MATCH
SHANTI,2019-10-22,2019-10-22,1.5,1.5,bonus,0,MATCH
SHAREINDIA,2024-06-27,2024-06-27,5.0,5.0,split,0,MATCH
SHEKHAWATI,2013-04-10,2013-04-10,10.0,10.0,split,0,MATCH
SHILPI,2014-09-16,2014-09-16,2.0,2.0,bonus,0,MATCH
SHRADHA,2020-09-16,2020-09-16,1.05,1.05,bonus,0,MATCH
SHRADHA,2023-01-20,2023-01-20,2.0,2.0,split,0,MATCH
SHRADHA,2024-12-10,2024-12-10,2.5,2.5,split,0,MATCH
SHRENIK,2018-07-09,2018-07-09,5.0,5.0,split,0,MATCH
SIDDHIKA,2024-07-19,2024-07-19,2.0,2.0,bonus,0,MATCH
SIGACHI,2023-10-09,2023-10-09,10.0,10.0,split,0,MATCH
SIGMA,2022-10-07,2022-10-07,2.5,2.5,bonus,0,MATCH
SIGMA,2025-10-06,2025-10-06,10.0,10.0,split,0,MATCH
SIKKO,2021-03-18,2021-03-18,2.0,2.0,bonus,0,MATCH
SIKKO,2022-10-25,2022-10-28,1.5,1.5,bonus,3,MATCH
SIKKO,2025-11-27,2025-11-27,10.0,10.0,split,0,MATCH
SIKKO,2025-12-08,2025-12-08,2.0,2.0,bonus,0,MATCH
SILGO,2021-01-07,2021-01-07,1.25,1.25,bonus,0,MATCH
SILLYMONKS,2020-02-11,2020-02-11,2.2,2.2,bonus,0,MATCH
SILVERTUC,2026-03-06,2026-03-06,2.0,2.0,bonus,0,MATCH
SIRCA,2019-07-08,2019-07-09,1.5,1.5,bonus,1,MATCH
SIRCA,2023-05-11,2023-05-11,2.0,2.0,bonus,0,MATCH
SIS,2020-01-15,2020-01-15,2.0,2.0,split,0,MATCH
SKYGOLD,2024-12-16,2024-12-16,10.0,10.0,bonus,0,MATCH
SMSPHARMA,2015-12-17,2015-12-17,10.0,10.0,split,0,MATCH
SMVD,2022-10-11,2022-10-11,2.02,2.02,bonus,0,MATCH
SOLEX,2024-09-13,2024-09-20,1.25,1.25,bonus,7,MATCH
SONAMLTD,2022-07-14,2022-07-14,2.0,2.0,bonus,0,MATCH
SONAMLTD,2024-05-10,2024-05-10,2.0,2.0,split,0,MATCH
SOUTHBANK,2008-10-16,2008-10-16,1.25,1.25,bonus,0,MATCH
SOUTHBANK,2010-09-23,2010-09-23,10.0,10.0,split,0,MATCH
SOUTHWEST,2019-04-04,2019-04-04,2.0,2.0,bonus,0,MATCH
SRPL,2023-05-19,2023-05-19,10.0,10.0,split,0,MATCH
SRSLTD,2015-06-25,2015-06-25,2.0,2.0,bonus,0,MATCH
SUMIT,2019-07-11,2019-07-16,2.0,2.0,bonus,5,MATCH
SUPREMEENG,2022-03-03,2022-03-03,10.0,10.0,split,0,MATCH
SUULD,2022-03-30,2022-03-30,2.0,2.0,bonus,0,MATCH
SVLL,2022-10-11,2022-10-11,1.5,1.5,bonus,0,MATCH
SWARAJ,2023-05-19,2023-05-19,2.0,2.0,bonus,0,MATCH
SYNGENE,2019-06-11,2019-06-11,2.0,2.0,bonus,0,MATCH
TAC,2025-10-15,2025-10-15,2.0,2.0,bonus,0,MATCH
TAKE,2008-09-18,2008-09-18,10.0,10.0,split,0,MATCH
TANLA,2008-05-02,2008-05-02,2.0,2.0,split,0,MATCH
TARACHAND,2024-12-05,2024-12-05,5.0,5.0,split,0,MATCH
TARIL,2013-06-13,2013-06-13,1.1111111111111112,1.111111,bonus,0,MATCH
TARIL,2017-09-28,2017-09-28,10.0,10.0,split,0,MATCH
TARIL,2025-02-14,2025-02-14,2.0,2.0,bonus,0,MATCH
TATASTEEL,2022-07-28,2022-07-28,10.0,10.0,split,0,MATCH
TDPOWERSYS,2022-10-31,2022-10-31,5.0,5.0,split,0,MATCH
TEMBO,2021-03-03,2021-03-03,2.0,2.0,bonus,0,MATCH
THANGAMAYL,2023-07-17,2023-07-17,2.0,2.0,bonus,0,MATCH
THEJO,2021-10-12,2021-10-12,3.0,3.0,bonus,0,MATCH
THYROCARE,2025-11-28,2025-11-28,3.0,3.0,bonus,0,MATCH
TIMESCAN,2024-05-17,2024-05-17,2.0,2.0,bonus,0,MATCH
TIMETECHNO,2008-10-29,2008-10-29,10.0,10.0,split,0,MATCH
TIMETECHNO,2025-09-15,2025-09-23,2.0,2.0,bonus,8,MATCH
TIMETECHNO,2025-09-23,2025-09-23,2.0,2.0,bonus,0,MATCH
TITAGARH,2015-04-23,2015-04-23,5.0,5.0,split,0,MATCH
TULSI,2011-01-07,2011-01-07,1.1,1.1,bonus,0,MATCH
UEL,2024-09-20,2024-09-20,1.25,1.25,bonus,0,MATCH
UEL,2025-05-30,2025-05-30,1.68,1.68,bonus,0,MATCH
UEL,2025-10-10,2025-10-10,3.0,3.0,bonus,0,MATCH
UNITEDPOLY,2021-02-17,2021-02-17,3.0,3.0,bonus,0,MATCH
UNITEDPOLY,2025-05-02,2025-05-02,10.0,10.0,split,0,MATCH
UNITY,2010-04-07,2010-04-07,5.0,5.0,split,0,MATCH
UNIVASTU,2019-12-19,2019-12-19,2.0,2.0,bonus,0,MATCH
UNIVASTU,2025-10-13,2025-10-13,3.0,3.0,bonus,0,MATCH
URAVIDEF,2022-07-11,2022-07-11,2.0,2.0,bonus,0,MATCH
URBAN,2025-02-07,2025-02-07,2.0,2.0,bonus,0,MATCH
USASEEDS,2025-10-10,2025-10-10,1.4285714285714286,1.428571,bonus,0,MATCH
V2RETAIL,2026-03-25,2026-03-25,10.0,10.0,split,0,MATCH
VAISHALI,2019-10-17,2019-10-17,1.6,1.6,bonus,0,MATCH
VAISHALI,2019-10-25,2019-10-17,1.6,1.6,bonus,8,MATCH
VALIANTORG,2020-12-24,2020-12-24,2.0,2.0,bonus,0,MATCH
VBL,2019-07-25,2019-07-25,1.5,1.5,bonus,0,MATCH
VBL,2021-06-10,2021-06-10,1.5,1.5,bonus,0,MATCH
VBL,2022-06-06,2022-06-06,1.5,1.5,bonus,0,MATCH
VBL,2023-06-15,2023-06-15,2.0,2.0,split,0,MATCH
VBL,2024-09-12,2024-09-12,2.5,2.5,split,0,MATCH
VCL,2023-02-15,2023-02-15,2.0,2.0,split,0,MATCH
VERTOZ,2020-01-02,2020-01-02,2.0,2.0,bonus,0,MATCH
VERTOZ,2024-07-05,2024-07-05,2.0,2.0,bonus,0,MATCH
VGUARD,2016-08-30,2016-08-30,10.0,10.0,split,0,MATCH
VGUARD,2017-03-15,2017-03-15,1.4,1.4,bonus,0,MATCH
VINNY,2022-05-26,2022-05-26,1.1,1.1,bonus,0,MATCH
VINNY,2023-02-24,2023-02-24,2.3,2.3,bonus,0,MATCH
VISHWARAJ,2021-10-21,2021-10-21,5.0,5.0,split,0,MATCH
VIVIANA,2025-11-19,2025-11-19,1.6,1.6,bonus,0,MATCH
VKSPL,2013-02-27,2013-02-27,10.0,10.0,split,0,MATCH
VMART,2025-06-23,2025-06-23,4.0,4.0,bonus,0,MATCH
VRLLOG,2025-08-14,2025-08-14,2.0,2.0,bonus,0,MATCH
WABAG,2011-08-16,2011-08-16,2.5,2.5,split,0,MATCH
WABAG,2015-03-26,2015-03-26,2.0,2.0,bonus,0,MATCH
WALPAR,2024-08-14,2024-08-14,2.0,2.0,bonus,0,MATCH
WEALTH,2020-09-25,2020-09-25,1.6666666666666667,1.666667,bonus,0,MATCH
WEL,2021-10-06,2021-10-06,1.6,1.6,bonus,0,MATCH
WEL,2024-11-12,2024-11-12,10.0,10.0,split,0,MATCH
WEWIN,2021-03-30,2021-03-30,3.0,3.0,bonus,0,MATCH
YESBANK,2017-09-21,2017-09-21,5.0,5.0,split,0,MATCH
ZENITHSTL,2010-08-11,2010-08-11,1.2,1.2,bonus,0,MATCH
ZODIAC,2020-10-08,2020-10-08,2.0,2.0,bonus,0,MATCH
ZOTA,2019-07-25,2019-07-25,1.4,1.4,bonus,0,MATCH
